id,name,label,superclass,classification,subclass,family,vibe,distribution,weight,regular,bold,xHeight,capHeight,xHeightPct,capHeightPct,capHeightAdj,lineMin,lineMax,link,Year,stylesheet,Rating
1,Acumin Pro,Acumin Pro,Sans,Grotesque,NeoGrotesque,,Neutral,Adobe,100;100i;200;200i;300;300i;400;400i;500;500i;600;600i;700;700i;800;800i;900;900i,400,600,24.34,33.41,0.72,0.70,1.00,1.25,1.50,https://fonts.adobe.com/fonts/acumin,2015,rvi6wdt,329
2,Adelle,Adelle,Serif,Slab,Slab,Adelle,Friendly,Adobe,100;100i;300;300i;400;400i;600;600i;700;700i;800;800i;900;900i;200;200i,400,600,24.67,34.75,0.70,0.72,0.97,1.30,1.55,https://fonts.adobe.com/fonts/adelle-sans,2009,ulo4ekj,120
3,Adelle Sans,Adelle Sans,Sans,Humanist,Frutiger,Adelle,Friendly,Adobe,100;100i;300;300i;400;400i;600;600i;700;700i;800;800i;900;900i,400,600,24.67,34.75,0.70,0.72,0.97,1.30,1.55,https://fonts.adobe.com/fonts/adelle,2009,zsx1doa,120
4,Adobe Caslon Pro,Adobe Caslon Pro,Serif,Old Style,Caslon,,Elegant,Adobe,400;400i;600;600i;700;700i,400,600,20.21,34.13,0.60,0.71,0.99,1.25,1.45,https://fonts.adobe.com/fonts/adobe-caslon,1725,mxh6wbn,184
5,Adobe Garamond Pro,Adobe Garamond Pro,Serif,Old Style,Garamond,,Elegant,Adobe,400;400i;600;600i;700;700i,400,600,19.06,31.82,0.60,0.66,1.06,1.15,1.35,https://fonts.adobe.com/fonts/adobe-garamond,1530,ysg3ymc,304
6,Aktiv Grotesk,Aktiv Grotesk,Sans,Grotesque,NeoGrotesque,,Neutral,Adobe,200;200i;300;300i;400;400i;500;500i;600;600i;700;700i;800;800i;900;900i,400,600,24.82,34.27,0.72,0.71,0.99,1.30,1.55,https://fonts.adobe.com/fonts/aktiv-grotesk,2010,qja7gba,230
7,Alegreya,Alegreya,Serif,Old Style,Garamond,Alegreya,Quirky,Google,400..900;400..900i,400,600,21.89,30.96,0.70,0.65,1.08,1.15,1.40,https://fonts.google.com/specimen/Alegreya,2010,,66
8,Alegreya Sans,Alegreya Sans,Sans,Humanist,Johnston,Alegreya,Quirky,Google,100;100i;300;300i;400;400i;500;500i;700;700i;800;800i;900;900i,400,500,22.13,30.77,0.72,0.64,1.09,1.15,1.40,https://fonts.google.com/specimen/Alegreya+Sans,2010,,66
9,Archivo,Archivo,Sans,Grotesque,Blake,,Technical,Google,100..900;100..900i,400,600,25.25,32.93,0.76,0.69,1.01,1.25,1.50,https://fonts.google.com/specimen/Archivo,2012,,111
10,Balto,Balto,Sans,Grotesque,Franklin,,Friendly,Adobe,200;200i;300;300i;400;400i;500;500i;600;600i;700;700i;800;800i;900;900i,400,500,23.62,33.6,0.70,0.70,1.00,1.25,1.50,https://fonts.adobe.com/fonts/balto,2013,bja5yow,105
11,Barlow,Barlow,Sans,Geometric,DIN,,Technical,Google,100;100i;200;200i;300;300i;400;400i;500;500i;600;600i;700;700i;800;800i;900;900i,400,600,24.29,33.6,0.72,0.70,1.00,1.25,1.50,https://fonts.google.com/specimen/Barlow,2017,,19
12,Baskerville URW,Baskerville URW,Serif,Transitional,Baskerville,,Friendly,Adobe,400;400i;500;500i;700;700i;800;800i;900;900i,400,500,19.34,32.02,0.60,0.67,1.04,1.15,1.35,https://fonts.adobe.com/fonts/baskerville-urw,1754,dxl8vtn,151
13,Besley,Besley,Serif,Modern,Century,,Quirky,Google,400..900;400..900i,400,600,24.96,36,0.70,0.75,0.93,1.35,1.60,https://fonts.google.com/specimen/Besley,2018,,106
14,Bitter,Bitter,Serif,Slab,Slab,,Neutral,Google,100..900;100..900i,400,600,25.52,33.5,0.76,0.70,1.00,1.25,1.55,https://fonts.google.com/specimen/Bitter,2011,,211
15,Bodoni Moda,Bodoni Moda,Serif,Modern,Bodoni,,Elegant,Google,400..900;400..900i,400,600,22.08,36,0.62,0.75,0.93,1.30,1.55,https://fonts.google.com/specimen/Bodoni+Moda,1790,,20
16,Bodoni URW,Bodoni URW,Serif,Modern,Bodoni,,Elegant,Adobe,300;300i;400;400i;500;500i;700;700i;800;800i,400,500,18.86,32.02,0.58,0.67,1.04,1.15,1.35,https://fonts.adobe.com/fonts/bodoni-urw,1790,ijh0jpa,163
17,Brandon Grotesque,Brandon Grotesque,Sans,Geometric,Kabel,,Elegant,Adobe,100;100i;300;300i;400;400i;500;500i;700;700i;900;900i,400,700,19.2,33.6,0.58,0.70,1.00,1.20,1.40,https://fonts.adobe.com/fonts/brandon-grotesque,2010,jdh5ewi,180
18,Bricolage Grotesque,Bricolage Grotesque,Sans,Grotesque,Blake,,Elegant,Google,200;300;400;500;600;700;800,400,600,24.83,31.68,0.78,0.66,1.06,1.20,1.45,https://fonts.google.com/specimen/Bricolage+Grotesque,2023,,116
19,Cabin,Cabin,Sans,Humanist,Johnston,,Quirky,Google,400..700;400..700i,400,600,23.52,33.6,0.70,0.70,1.00,1.25,1.50,https://fonts.google.com/specimen/Cabin,2010,,16
20,Calluna,Calluna,Serif,Old Style,Garamond,Calluna,Elegant,Adobe,300;400;400i;600;600i;700;700i;900,400,600,21.79,32.21,0.68,0.67,1.04,1.20,1.40,https://fonts.adobe.com/fonts/calluna,2009,pyq2dra,223
21,Calluna Sans,Calluna Sans,Sans,Humanist,Johnston,Calluna,Elegant,Adobe,300;300i;400;400i;600;600i;700;700i;900;900i,400,600,21.6,32.02,0.68,0.67,1.04,1.20,1.40,https://fonts.adobe.com/fonts/calluna-sans,2009,wgi2koo,220
22,Cardo,Cardo,Serif,Old Style,Garamond,,Elegant,Google,400;400i;700,400,700,21.09,33.05,0.64,0.69,1.01,1.20,1.45,https://fonts.google.com/specimen/Cardo,2002,,239
23,Classico URW,Classico URW,Sans,Humanist,Optima,,Elegant,Adobe,400;400i;500;500i;700;700i;900,400,500,22.22,32.21,0.68,0.67,1.04,1.20,1.40,https://fonts.adobe.com/fonts/classico-urw,1954,nvf6xhe,205
24,Cormorant Garamond,Cormorant Garamond,Serif,Old Style,Garamond,,Elegant,Google,300;300i;400;400i;500;500i;600;600i;700;700i,400,600,18.53,30,0.62,0.63,1.11,1.10,1.30,https://fonts.google.com/specimen/Cormorant+Garamond,2015,,56
25,Crimson Text,Crimson Text,Serif,Old Style,Garamond,,Elegant,Google,400;400i;600;600i;700;700i,400,600,20.34,31.03,0.66,0.65,1.08,1.15,1.35,https://fonts.google.com/specimen/Crimson+Text,2010,,230
26,Degular,Degular,Sans,Grotesque,Blake,,Quirky,Adobe,200;200i;300;300i;400;400i;500;500i;600;600i;700;700i;800;800i,400,600,22.32,28.8,0.78,0.60,1.17,1.10,1.35,https://fonts.adobe.com/fonts/degular,2020,kjp5wrj,87
27,DIN 2014,DIN 2014,Sans,Geometric,DIN,,Technical,Adobe,200;200i;300;300i;400;400i;600;600i;700;700i;800;800i,400,600,24,33.12,0.72,0.69,1.01,1.25,1.50,https://fonts.adobe.com/fonts/din-2014,1926,qsg1nnu,311
28,DM Sans,DM Sans,Sans,Geometric,Neuzeit,DM,Friendly,Google,100..1000;100..1000i,400,600,24.19,33.6,0.72,0.70,1.00,1.25,1.50,https://fonts.google.com/specimen/DM+Sans,2019,,334
29,EB Garamond,EB Garamond,Serif,Old Style,Garamond,,Elegant,Google,400..800;400..800i,400,600,19.44,31.49,0.62,0.66,1.06,1.15,1.35,https://fonts.google.com/specimen/EB+Garamond,1530,,125
30,Europa,Europa,Sans,Geometric,Futura,,Neutral,Adobe,300;300i;400;400i;700;700i,400,700,22.18,33.6,0.66,0.70,1.00,1.25,1.45,https://fonts.adobe.com/fonts/europa,2011,tap5faa,155
31,Eurostile,Eurostile,Sans,Geometric,Eurostile,,Technical,Adobe,400;400i;500;500i;700;700i;800;800i;900;900i,400,500,22.42,32.02,0.70,0.67,1.04,1.20,1.45,https://fonts.adobe.com/fonts/eurostile,1962,lho6tql,133
32,FF Meta Serif Web Pro,Meta Serif Pro,Serif,Contemporary,MetaSerif,Meta,Neutral,Adobe,300;300i;500;500i;600;600i;700;700i;800;800i;900;900i,500,600,23.57,33.07,0.72,0.69,1.01,1.25,1.50,https://fonts.adobe.com/fonts/ff-meta-serif,1991,xee7vna,238
33,FF Meta Web Pro,Meta Pro,Sans,Humanist,Meta,Meta,Neutral,Adobe,100;100i;200;200i;300;300i;400;400i;500;500i;600;600i;700;700i;900;900i,400,600,23.9,32.93,0.72,0.69,1.01,1.25,1.50,https://fonts.adobe.com/fonts/ff-meta,1991,wlp2bua,303
34,FF Scala,Scala Pro,Serif,Old Style,Garamond,Scala,Elegant,Adobe,400;400i;700;700i,400,700,21.74,31.68,0.68,0.66,1.06,1.15,1.40,https://fonts.adobe.com/fonts/scala,1991,sor6ygr,187
35,FF Scala Sans Pro,Scala Sans Pro,Sans,Humanist,Johnston,Scala,Elegant,Adobe,300;300i;400;400i;700;700i;900;900i,400,700,21.74,31.68,0.68,0.66,1.06,1.15,1.40,https://fonts.adobe.com/fonts/scala-sans,1991,zio3lkz,187
36,FF Tisa Sans Web Pro,Tisa Sans,Sans,Humanist,Johnston,Tisa,Friendly,Adobe,100;100i;300;300i;400;400i;500;500i;600;600i;700;700i;800;800i;900;900i,400,500,23.33,33.46,0.70,0.70,1.00,1.25,1.50,https://fonts.adobe.com/fonts/ff-tisa-sans,2011,csa8hvn,35
37,FF Tisa Web Pro,Tisa,Serif,Slab,Slab,Tisa,Friendly,Adobe,100;100i;300;300i;400;400i;500;500i;600;600i;700;700i;800;800i;900;900i,400,600,22.8,33.31,0.68,0.69,1.01,1.25,1.45,https://fonts.adobe.com/fonts/ff-tisa,2008,grc1rar,110
38,Figtree,Figtree,Sans,Geometric,Proxima,,Friendly,Google,300..900;300..900i,400,600,24,33.6,0.72,0.70,1.00,1.25,1.50,https://fonts.google.com/specimen/Figtree,2022,,179
39,Fira Sans,Fira Sans,Sans,Humanist,Meta,Fira,Neutral,Google,100;100i;200;200i;300;300i;400;400i;500;500i;600;600i;700;700i;800;800i;900;900i,400,600,25.3,33.07,0.76,0.69,1.01,1.25,1.50,https://fonts.google.com/specimen/Fira+Sans,2013,,278
40,Franklin Gothic URW,Franklin Gothic URW,Sans,Grotesque,Franklin,,Neutral,Adobe,300;300i;400;400i;500;500i;700;700i;900;900i,400,500,23.67,31.99,0.74,0.67,1.04,1.20,1.45,https://fonts.adobe.com/fonts/franklin-gothic-urw,1903,qxw5oqh,395
41,Fraunces,Fraunces,Serif,Contemporary,Windsor,,Quirky,Google,100..900;100..900i,400,600,21.54,31.76,0.68,0.66,1.06,1.15,1.40,https://fonts.google.com/specimen/Fraunces,2020,,93
42,Freight Neo Pro,Freight Neo,Sans,Humanist,Optima,Freight,Elegant,Adobe,Pro-300;300i;400;400i;500;500i;600;600i;700;700i;900;900i,400,600,21.98,30,0.74,0.63,1.11,1.15,1.40,https://fonts.adobe.com/fonts/freight-neo,2005,fmc7gnx,183
43,Freight Sans Pro,Freight Sans,Sans,Humanist,Johnston,Freight,Elegant,Adobe,Pro-300;300i;400;400i;500;500i;600;600i;700;700i;900;900i,400,600,21.98,30,0.74,0.63,1.11,1.15,1.40,https://fonts.adobe.com/fonts/freight-sans,2005,noz2waz,183
44,Freight Text Pro,Freight,Serif,Transitional,Times,Freight,Elegant,Adobe,Text Pro-300;300i;400;400i;500;500i;600;600i;700;700i;900;900i,400,600,21.41,30,0.72,0.63,1.11,1.15,1.35,https://fonts.adobe.com/fonts/freight-text,2005,kjk1wqx,183
45,Futura PT,Futura PT,Sans,Geometric,Futura,Futura PT,Elegant,Adobe,300;300i;400;400i;500;500i;600;600i;700;700i;800;800i;,400,600,19.92,32.02,0.62,0.67,1.04,1.15,1.40,https://fonts.adobe.com/fonts/futura-pt,1927,ssn0ejn,427
46,Geist,Geist,Sans,Grotesque,NeoGrotesque,,Neutral,Google,100..900,400,600,25.7,34.08,0.76,0.71,0.99,1.30,1.55,https://fonts.google.com/specimen/Geist,2023,,170
47,Gelasio,Gelasio,Serif,Transitional,Scotch,,Neutral,Google,400;400i;500;500i;600;600i;700;700i,400,600,23.3,33.26,0.70,0.69,1.01,1.25,1.50,https://fonts.google.com/specimen/Gelasio/,2022,,109
48,GeorgiaPro,Georgia Pro,Serif,Transitional,Scotch,,Neutral,Adobe,300;300i;400;400i;600;600i;700;700i;900;900i;,400,600,23.09,33.26,0.70,0.69,1.01,1.25,1.50,https://fonts.adobe.com/fonts/georgia-pro,1996,tbu8cty,330
49,Gill Sans Nova,Gill Sans Nova,Sans,Humanist,Johnston,,Elegant,Adobe,200;200i;300;300i;400;400i;500;500i;600;600i;700;700i;800;800i;900,400,600,21.55,32.74,0.66,0.68,1.03,1.20,1.45,https://fonts.adobe.com/fonts/gill-sans-nova,1930,kvy4jpw,387
50,Hanken Grotesk,Hanken Grotesk,Sans,Grotesque,NeoGrotesque,,Friendly,Google,100;100i;200;200i;300;300i;400;400i;500;500i;600;600i;700;700i;800;800i;900;900i,400,600,23.66,33.46,0.70,0.70,1.00,1.25,1.50,https://fonts.google.com/specimen/Hanken+Grotesk,2019,,172
51,IBM Plex Sans,IBM Plex Sans,Sans,Grotesque,Franklin,IBM Plex,Technical,Google,100;100i;200;200i;300;300i;400;400i;500;500i;600;600i;700;700i,400,600,24.77,33.5,0.74,0.70,1.00,1.25,1.55,https://fonts.google.com/specimen/IBM+Plex+Sans,2017,,258
52,IBM Plex Serif,IBM Plex Serif,Serif,Transitional,Times,IBM Plex,Technical,Google,100;100i;200;200i;300;300i;400;400i;500;500i;600;600i;700;700i,400,600,24.77,33.5,0.74,0.70,1.00,1.25,1.55,https://fonts.google.com/specimen/IBM+Plex+Serif ,2017,,113
53,Inria Sans,Inria Sans,Sans,Humanist,Meta,Inria,Technical,Google,300;300i;400;400i;700;700i,400,700,23.76,32.64,0.72,0.68,1.03,1.20,1.45,https://fonts.google.com/specimen/Inria+Sans,2019,,17
54,Instrument Sans,Instrument Sans,Sans,Grotesque,NeoGrotesque,,Friendly,Google,400;400i;500;500i;600;600i;700;700i,400,600,24.48,34.56,0.70,0.72,0.97,1.30,1.55,https://fonts.google.com/specimen/Instrument+Sans,2023,,106
55,Inter,Inter,Sans,Grotesque,NeoGrotesque,,Neutral,Google,100..900;100..900i,400,600,26.2,34.92,0.76,0.73,0.96,1.35,1.60,https://fonts.google.com/specimen/Inter,2017,,446
56,Interstate,Interstate,Sans,Geometric,DIN,Interstate,Technical,Adobe,100;100i;200;200i;300;300i;400;400i;500;500i;700;700i;800;800i;900;900i,500,700,25.2,33.6,0.76,0.70,1.00,1.25,1.55,https://fonts.adobe.com/fonts/interstate,1993,ljr4jdi,252
57,ITC Avant Garde Gothic Pro,ITC Avant Garde Gothic Pro,Sans,Geometric,Futura,,Elegant,Adobe,300;500;700,300,500,26.59,35.52,0.74,0.74,0.95,1.35,1.60,https://fonts.adobe.com/fonts/itc-avant-garde-gothic,1970,heq1pzb,245
58,IvyPresto Text,IvyPresto,Serif,Contemporary,Glyphic,,Elegant,Adobe,100;100i;300;300i;400;400i;600;600i;700;700i;,400,600,25.15,34.94,0.72,0.73,0.96,1.30,1.60,https://fonts.adobe.com/fonts/ivypresto-text,2020,cul0cor,91
59,Josefin Sans,Josefin Sans,Sans,Geometric,Futura,Josefin,Elegant,Google,100..700;100..700i,400,600,19.87,34.7,0.58,0.72,0.97,1.25,1.45,https://fonts.google.com/specimen/Josefin+Sans,2010,,32
60,Jost,Jost,Sans,Geometric,Futura,,Elegant,Google,100..900;100..900i,400,600,22.08,33.6,0.66,0.70,1.00,1.25,1.45,https://fonts.google.com/specimen/Jost,2018,,232
61,Karla,Karla,Sans,Grotesque,Blake,,Quirky,Google,200..800;200..800i,400,600,22.99,30.14,0.76,0.63,1.11,1.15,1.40,https://fonts.google.com/specimen/Karla,2012,,111
62,Kepler Std,Kepler,Serif,Transitional,Times,,Quirky,Adobe,300;300i;400;400i;500;500i;600;600i;700;700i;900;900i,400,600,20.64,30.43,0.68,0.63,1.11,1.10,1.35,https://fonts.adobe.com/fonts/kepler,1996,fxa0ozr,67
63,Lato,Lato,Sans,Humanist,Johnston,,Neutral,Google,100;100i;300;300i;400;400i;700;700i;900;900i,400,600,24.31,34.39,0.70,0.72,0.97,1.30,1.55,https://fonts.google.com/specimen/Lato,2011,,29
64,League Spartan,League Spartan,Sans,Geometric,Neuzeit,,Neutral,Google,100;200;300;400;500;600;700;800;900,400,600,19.7,31.68,0.62,0.66,1.06,1.15,1.35,https://fonts.google.com/specimen/League+Spartan/,2021,,24
65,Lexend,Lexend,Sans,Geometric,Proxima,,Friendly,Google,100..900,400,600,25.2,33.6,0.76,0.70,1.00,1.25,1.55,https://fonts.google.com/specimen/Lexend,2021,,13
66,Libre Baskerville,Libre Baskerville,Serif,Transitional,Baskerville,,Friendly,Google,400;400i;700,400,700,25.44,36.96,0.68,0.77,0.91,1.35,1.65,https://fonts.google.com/specimen/Libre+Baskerville,1754,,82
67,Libre Caslon Text,Libre Caslon Text,Serif,Old Style,Caslon,,Elegant,Google,400;400i;700,400,700,25.44,36.96,0.68,0.77,0.91,1.35,1.65,https://fonts.google.com/specimen/Libre+Caslon+Text,1725,,25
68,Libre Franklin,Libre Franklin,Sans,Grotesque,Franklin,,Neutral,Google,100..900;100..900i,400,600,25.44,35.62,0.72,0.74,0.95,1.35,1.60,https://fonts.google.com/specimen/Libre+Franklin,1902,,112
69,Linotype Sabon,Sabon,Serif,Old Style,Garamond,,Elegant,Adobe,400;400i;700;700i,400,700,21.22,33.5,0.64,0.70,1.00,1.25,1.45,https://fonts.adobe.com/fonts/sabon,1967,glj1wwv,221
70,Literata,Literata,Serif,Contemporary,Bookman,,Friendly,Google,200..900;200..900i,400,600,24.35,33.65,0.72,0.70,1.00,1.25,1.50,https://fonts.google.com/specimen/Literata,2015,,174
71,Lora,Lora,Serif,Transitional,Bookman,,Friendly,Google,400..700;400..700i,400,600,24,33.6,0.72,0.70,1.00,1.25,1.50,https://fonts.google.com/specimen/Lora,2011,,170
72,Manrope,Manrope,Sans,Geometric,Neuzeit,,Neutral,Google,200..800;200..800i,400,600,25.92,34.56,0.76,0.72,0.97,1.30,1.60,https://fonts.google.com/specimen/Manrope,2018,,142
73,Mencken Std,Mencken Std,Serif,Modern,Century,,Neutral,Adobe,400;400i;700;700i;800;800i,400,700,24.48,32.4,0.76,0.68,1.03,1.25,1.50,https://fonts.adobe.com/fonts/mencken,2005,qif4svm,188
74,Merriweather,Merriweather,Serif,Contemporary,MetaSerif,Merriweather,Neutral,Google,300;300i;400;400i;700;700i;900;900i,400,700,26.64,35.66,0.74,0.74,0.95,1.35,1.60,https://fonts.google.com/specimen/Merriweather,2010,,186
75,Merriweather Sans,Merriweather Sans,Sans,Humanist,Frutiger,Merriweather,Neutral,Google,300..800;300..800i,400,600,26.74,35.71,0.74,0.74,0.95,1.35,1.60,https://fonts.google.com/specimen/Merriweather+Sans,2013,,73
76,Miller Text,Miller Text,Serif,Transitional,Scotch,,Neutral,Adobe,400;400i;700;700i,400,700,22.18,32.78,0.68,0.68,1.03,1.20,1.45,https://fonts.adobe.com/fonts/miller-text,1997,wta1jko,172
77,Minion Pro,Minion Pro,Serif,Old Style,Garamond,,Elegant,Adobe,400;400i;500;500i;600;600i;700;700i,400,600,20.98,31.2,0.68,0.65,1.08,1.15,1.40,https://fonts.adobe.com/fonts/minion,1990,jda0jat,394
78,Montserrat,Montserrat,Sans,Geometric,Proxima,,Friendly,Google,100..900;100..900i,400,600,25.22,33.6,0.76,0.70,1.00,1.25,1.55,https://fonts.google.com/specimen/Montserrat,2010,,270
79,Museo,Museo,Serif,Slab,Slab,Museo,Friendly,Adobe,100;100i;300;300i;500;500i;700;700i;900;900i,300,500,24.29,33.89,0.72,0.71,0.99,1.30,1.55,https://fonts.adobe.com/fonts/museo,2009,wbe8aen,110
80,Museo Sans,Museo Sans,Sans,Humanist,Frutiger,Museo,Friendly,Adobe,100;100i;300;300i;500;500i;700;700i;900;900i,300,500,24.29,33.89,0.72,0.71,0.99,1.30,1.55,https://fonts.adobe.com/fonts/museo-sans,2009,nwx3mlp,110
81,Museo Slab,Museo Slab,Serif,Slab,Slab,Museo,Friendly,Adobe,100;100i;300;300i;500;500i;700;700i;900;900i,300,500,24.29,33.89,0.72,0.71,0.99,1.30,1.55,https://fonts.adobe.com/fonts/museo-slab,2009,fji4isd,120
82,Myriad Pro,Myriad Pro,Sans,Humanist,Frutiger,,Neutral,Adobe,300;300i;400;400i;600;600i;700;700i;900;900i,400,600,23.23,32.35,0.72,0.67,1.04,1.20,1.45,https://fonts.adobe.com/fonts/myriad,1992,uyz3fxv,240
83,Neue Haas Grotesk,Neue Haas Grotesk,Sans,Grotesque,NeoGrotesque,,Neutral,Adobe,Text-400;400i;500;500i;700;700i,400,500,24.38,33.82,0.72,0.70,1.00,1.25,1.50,https://fonts.adobe.com/fonts/neue-haas-grotesk,1957,lry7sff,259
84,Neue Haas Unica,Neue Haas Unica,Sans,Grotesque,NeoGrotesque,,Neutral,Adobe,100;100i;200;200i;300;300i;400;400i;500;500i;600;600i;700;700i;800;800i;900;900i,400,600,24.38,34.18,0.72,0.71,0.99,1.30,1.55,https://fonts.adobe.com/fonts/neue-haas-unica,1980,fyj5txg,257
85,Neue Kabel,Neue Kabel,Sans,Geometric,Kabel,,Elegant,Adobe,100;100i;200;200i;300;300i;400;400i;500;500i;600;600i;700;700i;800;800i;900;900i,400,600,21.12,33.6,0.62,0.70,1.00,1.20,1.45,https://fonts.adobe.com/fonts/neue-kabel,1927,blh2per,163
86,Neuzeit Grotesk,Neuzeit Grotesk,Sans,Geometric,Neuzeit,,Elegant,Adobe,300;400;700;900,400,700,22.13,32.02,0.70,0.67,1.04,1.20,1.45,https://fonts.adobe.com/fonts/neuzeit-grotesk,1928,aah6neu,55
87,Newsreader,Newsreader,Serif,Transitional,Times,,Neutral,Google,200..800;200..800i,400,600,21.82,32.76,0.66,0.68,1.03,1.20,1.45,https://fonts.google.com/specimen/Newsreader,2021,,22
88,Nimbus Sans,Nimbus Sans,Sans,Grotesque,NeoGrotesque,,Neutral,Adobe,300;300i;400;400i;700;700i;900;900i,400,700,23.18,32.02,0.72,0.67,1.04,1.20,1.45,https://fonts.adobe.com/fonts/nimbus-sans,1996,ico6tyn,120
89,Noticia Text,Noticia Text,Serif,Contemporary,MetaSerif,,Quirky,Google,400;400i;700;700i,400,700,25.43,31.71,0.80,0.66,1.06,1.20,1.50,https://fonts.google.com/specimen/Noticia+Text,2011,,26
90,Nunito Sans,Nunito Sans,Sans,Geometric,Proxima,,Neutral,Google,200..1000;200..1000i,400,600,23.34,33.84,0.68,0.71,0.99,1.25,1.50,https://fonts.google.com/specimen/Nunito+Sans,2011,,187
91,Obviously,Obviously,Sans,Grotesque,Blake,,Quirky,Adobe,200;200i;300;300i;400;400i;500;500i;600;600i;700;700i;800;800i;900;900i,400,600,28.85,36,0.80,0.75,0.93,1.40,1.70,https://fonts.adobe.com/fonts/obviously-variable,2018,kfm1ruq,117
92,Old Standard TT,Old Standard TT,Serif,Modern,Century,,Quirky,Google,400;400i;700,400,700,21.89,34.18,0.64,0.71,0.99,1.25,1.50,https://fonts.google.com/specimen/Old+Standard+TT,2009,,110
93,Open Sans,Open Sans,Sans,Humanist,Frutiger,,Neutral,Google,300..800;300..800i,400,600,25.69,34.27,0.74,0.71,0.99,1.30,1.55,https://fonts.google.com/specimen/Open+Sans,2010,,232
94,OrpheusPro,Orpheus Pro,Serif,Contemporary,Glyphic,,Elegant,Adobe,400;400i;700;700i,400,700,22.85,34.9,0.66,0.73,0.96,1.30,1.55,https://fonts.adobe.com/fonts/orpheus,1928,sug0jcn,103
95,Outfit,Outfit,Sans,Geometric,Neuzeit,,Friendly,Google,100..900,400,600,22.8,33.31,0.68,0.69,1.01,1.25,1.45,https://fonts.google.com/specimen/Outfit,2021,,146
96,Overpass,Overpass,Sans,Geometric,DIN,Overpass,Technical,Google,100..900;100..900i,400,600,24.53,33.6,0.74,0.70,1.00,1.25,1.55,https://fonts.google.com/specimen/Overpass,2014,,144
97,Plantin,Plantin,Serif,Old Style,Garamond,,Elegant,Adobe,300;300i;400;400i;600;600i;700;700i,400,600,21.6,32.74,0.66,0.68,1.03,1.20,1.45,https://fonts.adobe.com/fonts/plantin,1913,qjl8rgl,115
98,Playfair,Playfair,Serif,Modern,Bodoni,,Neutral,Google,300..900;300..900i,400,600,19.95,27.41,0.72,0.57,1.23,1.00,1.25,https://fonts.google.com/specimen/Playfair,2011,,65
99,Plus Jakarta Sans,Plus Jakarta Sans,Sans,Geometric,Neuzeit,,Friendly,Google,200..800;200..800i,400,600,25.73,35.76,0.72,0.75,0.93,1.35,1.60,https://fonts.google.com/specimen/Plus+Jakarta+Sans,2020,,210
100,Polymath,Polymath,Sans,Geometric,Neuzeit,,Friendly,Adobe,100..900;100..900i,400,600,23.95,32.68,0.74,0.68,1.03,1.25,1.50,https://fonts.adobe.com/fonts/polymath,2024,ivl6hde,205
101,Poppins,Poppins,Sans,Geometric,Neuzeit,,Friendly,Google,100;100i;200;200i;300;300i;400;400i;500;500i;600;600i;700;700i;800;800i;900;900i,400,600,26.3,33.46,0.78,0.70,1.00,1.30,1.55,https://fonts.google.com/specimen/Poppins,2014,,155
102,Protipo,Protipo,Sans,Geometric,DIN,,Technical,Adobe,300;300i;400;400i;500;500i;600;600i;700;700i;800;800i,400,600,25.82,33.74,0.76,0.70,1.00,1.25,1.55,https://fonts.adobe.com/fonts/protipo,2018,ump0tbz,20
103,Proxima Nova,Proxima Nova,Sans,Geometric,Proxima,Proxima,Neutral,Adobe,100;100i;300;300i;400;400i;500;500i;600;600i;700;700i;800;800i;900;900i,400,600,23.18,32.02,0.72,0.67,1.04,1.20,1.45,https://fonts.adobe.com/fonts/proxima-nova,2005,qfs0oru,320
104,Proza Libre,Proza Libre,Sans,Humanist,Optima,,Elegant,Google,400;400i;500;500i;600;600i;700;700i;800;800i,400,500,24.84,34.34,0.72,0.72,0.97,1.30,1.55,https://fonts.google.com/specimen/Proza+Libre,2016,,71
105,PT Sans,PT Sans,Sans,Humanist,Meta,PT,Neutral,Google,400;400i;700;700i,400,700,24,33.6,0.72,0.70,1.00,1.25,1.50,https://fonts.google.com/specimen/PT+Sans,2010,,240
106,PT Serif,PT Serif,Serif,Contemporary,MetaSerif,PT,Neutral,Google,400;400i;700;700i,400,700,24,33.6,0.72,0.70,1.00,1.25,1.50,https://fonts.google.com/specimen/PT+Serif,2010,,252
107,Public Sans,Public Sans,Sans,Grotesque,Franklin,,Neutral,Google,100..900;100..900i,400,600,24.82,34.7,0.72,0.72,0.97,1.30,1.55,https://fonts.google.com/specimen/Public+Sans,2018,,214
108,Questa,Questa,Serif,Transitional,Times,Questa,Elegant,Adobe,300;300i;400;400i;500;500i;700;700i;900;900i,400,500,21.54,31.76,0.68,0.66,1.06,1.15,1.40,https://fonts.adobe.com/fonts/questa,2010,rfe1kqe,25
109,Questa Grande,Questa Grande,Serif,Modern,Bodoni,Questa,Elegant,Adobe,300;300i;400;400i;500;500i;700;700i;900;900i,400,500,21.54,31.76,0.68,0.66,1.06,1.15,1.40,https://fonts.adobe.com/fonts/questa-grande,2010,kue4zna,35
110,Questa Sans,Questa Sans,Sans,Grotesque,Blake,Questa,Friendly,Adobe,300;300i;400;400i;500;500i;700;700i;900;900i,400,500,21.54,31.76,0.68,0.66,1.06,1.15,1.40,https://fonts.adobe.com/fonts/questa-sans,2010,rwa8zuu,35
111,Questa Slab,Questa Slab,Serif,Slab,Slab,Questa,Friendly,Adobe,300;300i;400;400i;500;500i;700;700i;900;900i,400,500,21.54,31.76,0.68,0.66,1.06,1.15,1.40,https://fonts.adobe.com/fonts/questa-slab,2010,wvx6ogz,25
112,Radio Canada,Radio Canada,Sans,Humanist,Frutiger,,Friendly,Google,300;300i;400;400i;500;500i;600;600i;700;700i,400,600,24.72,33.12,0.74,0.69,1.01,1.25,1.50,https://fonts.google.com/specimen/Radio+Canada,2017,,152
113,Raleway,Raleway,Sans,Geometric,Proxima,,Friendly,Google,100..900;100..900i,400,600,25.01,34.08,0.74,0.71,0.99,1.30,1.55,https://fonts.google.com/specimen/Raleway,2010,,134
114,Richmond Text,Richmond Text,Serif,Transitional,Times,,Neutral,Adobe,400;400i;500;500i;600;600i;700;700i;900;900i,400,600,24.67,33.89,0.72,0.71,0.99,1.30,1.55,https://fonts.adobe.com/fonts/richmond-text,2024,eep8tnp,150
115,Roboto,Roboto,Sans,Grotesque,NeoGrotesque,Roboto,Neutral,Google,100;100i;300;300i;400;400i;500;500i;700;700i;900;900i,400,700,25.36,34.13,0.74,0.71,0.99,1.30,1.55,https://fonts.google.com/specimen/Roboto,2011,,285
116,Roboto Serif,Roboto Serif,Serif,Contemporary,MetaSerif,Roboto,Neutral,Google,100..900;100..900i,400,600,25.78,34.08,0.76,0.71,0.99,1.30,1.55,https://fonts.google.com/specimen/Roboto+Serif,2011,,140
117,Roboto Slab,Roboto Slab,Serif,Slab,Slab,Roboto,Neutral,Google,100..900;100..900i,400,600,25.36,34.13,0.74,0.71,0.99,1.30,1.55,https://fonts.google.com/specimen/Roboto+Slab,2011,,221
118,Roc Grotesk,Roc Grotesk,Sans,Grotesque,Blake,,Quirky,Adobe,400;100;200;300;500;600;700;800;900,400,600,23.71,31.58,0.76,0.66,1.06,1.20,1.45,https://fonts.adobe.com/fonts/roc-grotesk,2012,qlm6yyj,91
119,Rubik,Rubik,Sans,Geometric,DIN,,Technical,Google,300..900;300..900i,400,600,24.96,33.6,0.74,0.70,1.00,1.25,1.55,https://fonts.google.com/specimen/Rubik,2015,,151
120,Rustica,Rustica,Sans,Humanist,Johnston,,Neutral,Adobe,100;100i;200;200i;300;300i;400;400i;500;500i;600;600i;700;700i;800;800i;900;900i,500,600,24.24,33.84,0.72,0.71,0.99,1.30,1.55,https://fonts.adobe.com/fonts/rustica,2021,ofu8umn,155
121,Sofia Pro,Sofia Pro,Sans,Geometric,Neuzeit,,Friendly,Adobe,100;100i;200;200i;300;300i;400;400i;500;500i;600;600i;700;700i;900;900i,400,700,22.42,33.07,0.68,0.69,1.01,1.25,1.45,https://fonts.adobe.com/fonts/sofia,2008,rnn3pdy,243
122,Soleil,Soleil,Sans,Geometric,Proxima,,Friendly,Adobe,300;300i;400;400i;500;500i;600;600i;700;700i;800;800i,400,600,24,33.6,0.72,0.70,1.00,1.25,1.50,https://fonts.adobe.com/fonts/soleil,2011,dve1mkc,81
123,Source Sans 3,Source Sans 3,Sans,Humanist,Frutiger,Source,Neutral,Google,200..900;200..900i,400,600,23.33,31.5,0.74,0.66,1.06,1.20,1.45,https://fonts.google.com/specimen/Source+Sans+3,2012,,324
124,Source Serif 4,Source Serif 4,Serif,Transitional,Bookman,Source,Neutral,Google,200..900;200..900i,400,600,23.62,32.16,0.74,0.67,1.04,1.20,1.45,https://fonts.google.com/specimen/Source+Serif+4,2012,,318
125,Spectral,Spectral,Serif,Old Style,Garamond,,Quirky,Google,200;200i;300;300i;400;400i;500;500i;600;600i;700;700i;800;800i,400,600,21.6,31.68,0.68,0.66,1.06,1.15,1.40,https://fonts.google.com/specimen/Spectral,2017,,136
126,Tablet Gothic,Tablet Gothic,Sans,Grotesque,Franklin,,Friendly,Adobe,200;200i;300;300i;400;400i;600;600i;700;700i;800;800i;900;900i,400,600,24.58,35.23,0.70,0.73,0.96,1.30,1.55,https://fonts.adobe.com/fonts/tablet-gothic,2012,vap4yal,75
127,Trade Gothic Next,Trade Gothic Next,Sans,Grotesque,Franklin,,Friendly,Adobe,300;300i;400;400i;700;700i;800;800i,400,700,24.86,34.46,0.72,0.72,0.97,1.30,1.55,https://fonts.adobe.com/fonts/trade-gothic-next,1948,opm5muz,273
128,Utopia Std,Utopia Std,Serif,Transitional,Times,,Neutral,Adobe,400;400i;600;600i;700;700i,400,600,22.13,31.34,0.70,0.65,1.08,1.15,1.40,https://fonts.adobe.com/fonts/utopia,1989,omu3uvv,155
129,Vollkorn,Vollkorn,Serif,Old Style,Garamond,,Quirky,Google,400;400i;500;500i;600;600i;700;700i;800;800i;900;900i,400,600,22.08,32.59,0.68,0.68,1.03,1.20,1.45,https://fonts.google.com/specimen/Vollkorn,2005,,62
130,Work Sans,Work Sans,Sans,Grotesque,Blake,,Quirky,Google,100..900;100..900i,400,600,24,31.68,0.76,0.66,1.06,1.20,1.45,https://fonts.google.com/specimen/Work+Sans,2015,,341
131,Zilla Slab,Zilla Slab,Serif,Slab,Slab,,Quirky,Google,300;300i;400;400i;500;500i;600;600i;700;700i,400,600,21.36,31.2,0.68,0.65,1.08,1.15,1.40,https://fonts.google.com/specimen/Zilla+Slab,2017,,128
132,Titillium Web,Titillium Web,Sans,Geometric,DIN,,Technical,Google,200;200i;300;300i;400;400i;600;600i;700;700i;900;900i,400,600,24,33.22,0.72,0.69,1.01,1.25,1.50,https://fonts.google.com/specimen/Titillium+Web,2009,,186
133,Arimo,Arimo,Sans,Grotesque,NeoGrotesque,,Neutral,Google,400;400i;500;500i;600;600i;700;700i,400,600,25.36,33.02,0.76,0.69,1.01,1.25,1.50,https://fonts.google.com/specimen/Arimo,2010,,19
134,Noto Sans,Noto Sans,Sans,Humanist,Frutiger,Noto,Neutral,Google,100..900;100..900i,400,600,25.73,34.27,0.76,0.71,0.99,1.30,1.55,https://fonts.google.com/noto/specimen/Noto+Sans,2013,,172
135,Noto Serif,Noto Serif,Serif,Transitional,Bookman,Noto,Neutral,Google,100..900;100..900i,400,600,25.73,34.27,0.76,0.71,0.99,1.30,1.55,https://fonts.google.com/noto/specimen/Noto+Serif,2013,,69
136,Asap,Asap,Sans,Humanist,Frutiger,,Neutral,Google,100..900;100..900i,400,600,25.2,33.7,0.74,0.70,1.00,1.25,1.55,https://fonts.google.com/specimen/Asap,2018,,14
137,Space Grotesk,Space Grotesk,Sans,Grotesque,Blake,,Technical,Google,300;400;500;600;700,400,600,23.47,33.6,0.70,0.70,1.00,1.25,1.50,https://fonts.google.com/specimen/Space+Grotesk,2017,,61
138,Faustina,Faustina,Serif,Transitional,Scotch,,Quirky,Google,300..800;300..800i,400,600,23.71,31.1,0.76,0.65,1.08,1.20,1.45,https://fonts.google.com/specimen/Faustina,2016,,24
139,Piazzolla,Piazolla,Serif,Transitional,Scotch,,Quirky,Google,100..900;100..900i,400,600,23.39,31.45,0.74,0.66,1.06,1.20,1.45,https://fonts.google.com/specimen/Piazzolla,2020,,20
140,Rajdhani,Rajdhani,Sans,Geometric,DIN,,Technical,Google,300;400;500;600;700,400,600,24.48,30.86,0.80,0.64,1.09,1.20,1.45,https://fonts.google.com/specimen/Rajdhani,2014,,44
141,Tinos,Tinos,Serif,Transitional,Times,,Neutral,Google,400;400i;700;700i,400,700,22.03,31.43,0.70,0.65,1.08,1.15,1.40,https://fonts.google.com/specimen/Tinos,2010,,24
142,Mona Sans,Mona Sans,Sans,Grotesque,NeoGrotesque,,Neutral,Google,200..900;200..900i,400,600,25.19,34.99,0.72,0.73,0.96,1.30,1.60,https://fonts.google.com/specimen/Mona+Sans,2022,,5
143,Onest,Onest,Sans,Grotesque,NeoGrotesque,,Friendly,Google,100..900,400,600,25.3,33.94,0.74,0.71,0.99,1.30,1.55,https://fonts.google.com/specimen/Onest,2023,,0
144,Atkinson Hyperlegible,Atkinson Hyperlegible,Sans,Grotesque,NeoGrotesque,,Neutral,Google,400;400i;700;700i;,400,700,24.38,33.82,0.72,0.70,1.00,1.25,1.50,https://fonts.google.com/specimen/Atkinson+Hyperlegible,2020,,158
145,Inclusive Sans,Inclusive Sans,Sans,Grotesque,NeoGrotesque,,Neutral,Google,300..700;300..700i,400,600,24,33.6,0.72,0.70,1.00,1.25,1.50,https://fonts.google.com/specimen/Inclusive+Sans,2022,,155
146,Sansita,Sansita,Sans,Humanist,Optima,,Elegant,Google,400;700;800;400i;700i;800i,400,700,24.48,31.68,0.78,0.66,1.06,1.20,1.45,https://fonts.google.com/specimen/Sansita,2019,,5
147,Syne,Syne,Sans,Geometric,Neuzeit,,Neutral,Google,400..800,400,600,24,31.2,0.76,0.65,1.08,1.20,1.45,https://fonts.google.com/specimen/Syne,2017,,102
148,Chivo,Chivo,Sans,Grotesque,Blake,,Quirky,Google,100..900;100..900i,400,600,24.53,32.93,0.74,0.69,1.01,1.25,1.50,https://fonts.google.com/specimen/Chivo,2011,,81
149,Recursive,Recursive,Sans,Geometric,DIN,,Technical,Google,300..900,400,600,25.53,33.62,0.76,0.70,1.00,1.25,1.55,https://fonts.google.com/specimen/Recursive,2019,,7
150,Rosario,Rosario,Sans,Humanist,Johnston,,Elegant,Google,300..700;300..700i,400,600,23.86,34.94,0.68,0.73,0.96,1.30,1.55,https://fonts.google.com/specimen/Rosario,2011,,10
151,Ubuntu,Ubuntu,Sans,Humanist,Frutiger,,Technical,Google,300;400;500;700;300i;400i;500i;700i,400,500,24.96,33.26,0.76,0.69,1.01,1.25,1.50,https://fonts.google.com/specimen/Ubuntu,2011,,171
154,Mrs Eaves XL Serif,Mrs Eaves XL,Serif,Transitional,Baskerville,Eaves,Quirky,Adobe,400;700,400,700,20.74,28.8,0.72,0.60,1.17,1.10,1.30,https://fonts.adobe.com/fonts/mrs-eaves-xl,1996,egl1pve,159
155,Mr Eaves XL Modern,Mr Eaves XL,Sans,Humanist,Johnston,Eaves,Quirky,Adobe,400;700,400,700,20.74,28.8,0.72,0.60,1.17,1.10,1.30,https://fonts.adobe.com/fonts/mr-eaves-xl,2009,wzm4lxy,155
156,Alverata,Alverata,Sans,Humanist,Optima,,Elegant,Google,300;300i;400;400i;500;500i;600;600i;700;700i;900;900i,400,600,27.22,34.22,0.80,0.71,0.99,1.30,1.60,https://fonts.adobe.com/fonts/alverata,2014,lrn0wju,67
157,Gelica,Gelica,Serif,Contemporary,Windsor,,Quirky,Adobe,400;600,400,600,24.17,32.76,0.74,0.68,1.03,1.25,1.50,https://fonts.adobe.com/fonts/gelica,2020,bim2uyh,155
158,Granville,Granville,Sans,Humanist,Optima,,Elegant,Google,400;700,400,700,21.6,31.68,0.68,0.66,1.06,1.15,1.40,https://fonts.adobe.com/fonts/granville,2015,uvz5qqa,24