id,name,label,shortlabel,superclass,classification,subclass,family,distribution,designer,rg,xHeight,capHeight,xHeightRatio,capHeightRatio,xHeightRatioRounded,capHeightRatioRounded,adjust,xHeightPct,capHeightPct,0.70,18,24,link,Year,stylesheet,100 Greatest Fonts,Typewolf Google,Typewolf Adobe,Google Analytics,Google Analytics Score,100 Greatest Score,Typewolf Google Score,Typewolf Adobe Score,Good Fonts Table,FontsInUse,Adjust,Score,Quality,Utility,Underrated Boost,In Use Boost,Weight Boost,Rating,inuse
1,Acumin Pro,Acumin Pro,Acumin,Sans,Grotesque,NeoGrotesque,Acumin,Adobe,Robert Slimbach,100;100i;200;200i;300;300i;400;400i;500;500i;600;600i;700;700i;800;800i;900;900i,24.43,33.41,1.36,1.44,1.35,1.45,0.997313432835821,0.74,0.70,1.00,18,24,https://fonts.adobe.com/fonts/acumin,2015,rvi6wdt,,,3,,,,,99,15,15,,129,10,10,,10,9,229,Behance;Billboard
2,Adelle,Adelle,Adelle,Serif,Slab,Slab,Adelle,Adobe,José Scaglione;Veronika Burian;TypeTogether,100;100i;300;300i;400;400i;600;600i;700;700i;800;800i;900;900i;200;200i,24.67,34.75,1.41,1.38,1.4,1.4,1.03731343283582,0.70,0.72,0.97,18,23,https://fonts.adobe.com/fonts/adelle-sans,2009,ulo4ekj,,,,,,,,,15,5,,20,8,6,,5,8,68,University of Texas Press
3,Adelle Sans,Adelle Sans,Adelle Sans,Sans,Humanist,Frutiger,Adelle,Adobe,José Scaglione;Veronika Burian;TypeTogether,100;100i;300;300i;400;400i;600;600i;700;700i;800;800i;900;900i,24.67,34.75,1.41,1.38,1.4,1.4,1.03731343283582,0.70,0.72,0.97,18,23,https://fonts.adobe.com/fonts/adelle,2009,zsx1doa,,,,,,,,,15,5,,20,8,8,,5,7,84,The American Scholar
4,Adobe Caslon Pro,Adobe Caslon Pro,Caslon,Serif,Old Style,Caslon,,Adobe,Carol Twombly;Adobe Originals;William Caslon I,400;400i;600;600i;700;700i,20.21,34.13,1.69,1.41,1.7,1.4,1.01880597014925,0.60,0.72,0.97,18,23,https://fonts.adobe.com/fonts/adobe-caslon,1725,mxh6wbn,47,,,,,54,,,15,15,-15,69,10,8,,15,3,149,New Yorker;The American Scholar;Lapham’s Quarterly
5,Adobe Garamond Pro,Adobe Garamond Pro,Garamond,Serif,Old Style,Garamond,,Adobe,Claude Garamond;Robert Slimbach;Robert Granjon,400;400i;600;600i;700;700i,19.06,31.82,1.67,1.51,1.65,1.5,0.949850746268657,0.60,0.66,1.06,19,25,https://fonts.adobe.com/fonts/adobe-garamond,1530,ysg3ymc,2,,,,,99,,,,5,,104,10,10,5,15,3,209,The Atlantic;Vogue;Guggenheim
6,Aktiv Grotesk,Aktiv Grotesk,Aktiv,Sans,Grotesque,NeoGrotesque,,Adobe,Dalton Maag,200;200i;300;300i;400;400i;500;500i;600;600i;700;700i;800;800i;900;900i,24.82,34.27,1.38,1.4,1.4,1.4,1.02298507462687,0.72,0.72,0.97,18,23,https://fonts.adobe.com/fonts/aktiv-grotesk,2010,qja7gba,,,37,,,,,65,,15,,80,10,8,,15,8,160,Invision;IndieWire;WeTransfer
7,Alegreya,Alegreya,Alegreya,Serif,Old Style,Garamond,Alegreya,Google,Juan Pablo del Peral;Huerta Tipográfica,400..900;400..900i,21.89,30.96,1.41,1.55,1.4,1.55,0.924179104477612,0.70,0.64,1.09,20,26,https://fonts.google.com/specimen/Alegreya,2010,,,12,,"4,236,763,878",26,,89,,15,5,-15,100.5,3,4,,,,112.5,
8,Alegreya Sans,Alegreya Sans,Alegreya Sans,Sans,Humanist,Johnston,,Google,Juan Pablo del Peral;Huerta Tipográfica,100;100i;300;300i;400;400i;500;500i;700;700i;800;800i;900;900i,22.13,30.77,1.39,1.56,1.4,1.55,0.918507462686567,0.72,0.64,1.09,20,26,https://fonts.google.com/specimen/Alegreya+Sans,2010,,,11,,"3,410,559,105",24,,90,,15,5,-15,101,6,10,,,,161,
9,Archivo,Archivo,Archivo,Sans,Grotesque,Blake,,Google,Omnibus-Type,100..900;100..900i,25.25,32.93,1.3,1.46,1.3,1.45,0.982985074626866,0.76,0.68,1.03,19,25,https://fonts.google.com/specimen/Archivo,2012,,,20,,"14,351,502,054",39,,81,,15,5,,110.75,2,6,,,,122.75,
10,Balto,Balto,Balto,Sans,Grotesque,Franklin,,Adobe,Tal Leming;Type Supply,200;200i;300;300i;400;400i;500;500i;600;600i;700;700i;800;800i;900;900i,23.62,33.6,1.42,1.43,1.4,1.45,1.00298507462687,0.70,0.70,1.00,18,24,https://fonts.adobe.com/fonts/balto,2013,bja5yow,,,,,,,,,,5,5,10,8,8,15,15,8,89,Vox;The Ringer;Deadline
11,Barlow,Barlow,Barlow,Sans,Geometric,DIN,,Google,Jeremy Tribby,100;100i;200;200i;300;300i;400;400i;500;500i;600;600i;700;700i;800;800i;900;900i,24.29,33.6,1.38,1.43,1.4,1.45,1.00298507462687,0.72,0.70,1.00,18,24,https://fonts.google.com/specimen/Barlow,2017,,,,,"36,581,333,923",56,,,,,5,,19,8,8,10,10,9,93,Unbounce;code.org
12,Baskerville URW,Baskerville URW,Baskerville,Serif,Transitional,Baskerville,,Adobe,URW Type Foundry;John Baskerville,400;400i;500;500i;700;700i;800;800i;900;900i,19.34,32.02,1.66,1.5,1.65,1.5,0.955820895522388,0.60,0.66,1.06,19,25,https://fonts.adobe.com/fonts/baskerville-urw,1754,dxl8vtn,39,,13,,,62,,89,-15,15,-15,136,7,4,,10,5,164,"MOCA, Los Angeles;Metropolitan Opera"
13,Besley,Besley,Adelle Sans,Serif,Modern,Century,,Google,Owen Earl;,400..900;400..900i,24.96,36,1.44,1.33,1.45,1.35,1.07462686567164,0.70,0.76,0.92,17,22,https://fonts.google.com/specimen/Besley,2018,,,,,"362,459,394",3,,,,,5,15,20.75,10,6,10,,10,90.75,
14,Bitter,Bitter,Bitter,Serif,Slab,Slab,,Google,Sol Matas,100..900;100..900i,25.52,33.5,1.31,23,1.3,1.45,1,0.76,0.70,1.00,18,24,https://fonts.google.com/specimen/Bitter,2011,,,,,"14,992,518,040",42,,15,15,15,5,,60.5,8,8,,5,10,124.5,Ars Technica
15,Bodoni Moda,Bodoni Moda,Bodoni Moda,Serif,Modern,Bodoni,,Google,Owen Earl;,400..900;400..900i,22.08,36,1.63,1.33,1.65,1.35,1.07462686567164,0.62,0.76,0.92,17,22,https://fonts.google.com/specimen/Bodoni+Moda,1790,,,,,"2,536,666,920",20,,,,15,,,20,9,5,10,,10,75,
16,Bodoni URW,Bodoni URW,Bodoni,Serif,Modern,Bodoni,,Adobe,URW Type Foundry;Giambattista Bodoni,300;300i;400;400i;500;500i;700;700i;800;800i,18.86,32.02,1.7,1.5,1.7,1.5,0.955820895522388,0.58,0.66,1.06,19,25,https://fonts.adobe.com/fonts/bodoni-urw,1790,ijh0jpa,3,,,,,98,,,,15,-15,98,10,4,,10,5,138,The American Scholar;Museo Egizio
17,Brandon Grotesque,Brandon Grotesque,Brandon,Sans,Geometric,Kabel,,Adobe,Hannes von Döhren;HVD Fonts,100;100i;300;300i;400;400i;500;500i;700;700i;900;900i,19.2,33.6,1.75,1.43,1.75,1.45,1.00298507462687,0.58,0.70,1.00,18,24,https://fonts.adobe.com/fonts/brandon-grotesque,2010,jdh5ewi,,,,,,,,,15,15,,30,10,6,,15,6,90,Moleskine;Ferm Living;Pixar
18,Bricolage Grotesque,Bricolage Grotesque,Bricolage,Sans,Grotesque,Blake,,Google,Mathieu Triay,200;300;400;500;600;700;800,24.83,31.68,1.28,1.52,1.3,1.5,0.945671641791045,0.78,0.66,1.06,19,25,https://fonts.google.com/specimen/Bricolage+Grotesque,2023,,,,,"468,891,713",4,,,15,,,,16,10,8,15,,3,111,
19,Cabin,Cabin,Cabin,Sans,Humanist,Johnston,,Google,Impallari Type;Rodrigo Fuenzalida,400..700;400..700i,23.52,33.6,1.43,1.43,1.45,1.45,1.00298507462687,0.70,0.70,1.00,18,24,https://fonts.google.com/specimen/Cabin,2010,,,,,"15,762,474,408",45,,,,,5,-15,1.25,1,6,,,4,7.25,
20,Calluna,Calluna,Calluna,Serif,Old Style,Garamond,Calluna,Adobe,Jos Buivenga;exljbris Font Foundry,300;400;400i;600;600i;700;700i;900,21.79,32.21,1.48,1.49,1.5,1.5,0.961492537313433,0.68,0.68,1.03,19,25,https://fonts.adobe.com/fonts/calluna,2009,pyq2dra,,,34,,,,,68,,5,,73,10,10,10,5,4,183,Mother Jones
21,Calluna Sans,Calluna Sans,Calluna Sans,Sans,Humanist,Johnston,Calluna,Adobe,Jos Buivenga;exljbris Font Foundry,300;300i;400;400i;600;600i;700;700i;900;900i,21.6,32.02,1.48,1.5,1.5,1.5,0.955820895522388,0.68,0.66,1.06,19,25,https://fonts.adobe.com/fonts/calluna-sans,2009,wgi2koo,,,,,,,,15,,5,,20,10,10,25,,5,145,
22,Cardo,Cardo,Cardo,Serif,Old Style,Garamond,,Google,David Perry,400;400i;700,21.09,33.05,1.57,1.45,1.55,1.45,0.986567164179104,0.64,0.68,1.03,19,25,https://fonts.google.com/specimen/Cardo,2002,,,33,,"2,876,719,742",23,,68,,15,,,88.75,8,8,10,,1,162.75,
23,Cormorant Garamond,Cormorant Garamond,Cormorant Garamond,Serif,Old Style,Garamond,,Google,Christian Thalmann,300;300i;400;400i;500;500i;600;600i;700;700i,18.53,30,1.62,1.6,1.6,1.6,0.895522388059701,0.62,0.62,1.13,20,27,https://fonts.google.com/specimen/Cormorant+Garamond,2015,,,8,,"8,071,744,058",33,,93,,,5,,106.25,7,6,,,5,148.25,
24,Crimson Text,Crimson Text,Crimson,Serif,Old Style,Garamond,,Google,Sebastian Kosch,400;400i;600;600i;700;700i,20.34,31.03,1.53,1.55,1.55,1.55,0.926268656716418,0.66,0.64,1.09,20,26,https://fonts.google.com/specimen/Crimson+Text,2010,,,,,"11,442,666,236",38,,,,15,5,,29.5,8,8,,5,3,93.5,Architectural Digest
25,Degular,Degular,Degular,Sans,Grotesque,Blake,,Adobe,James Edmondson;OH no Type Co.,200;200i;300;300i;400;400i;500;500i;600;600i;700;700i;800;800i,22.32,28.8,1.29,1.67,1.3,1.65,0.859701492537313,0.78,0.60,1.17,21,28,https://fonts.adobe.com/fonts/degular,2020,kjp5wrj,,,35,,,,,67,15,5,,87,9,6,,5,7,141,Toms
26,DIN 2014,DIN 2014,DIN,Sans,Geometric,DIN,,Adobe,Vasily Biryukov;Paratype,200;200i;300;300i;400;400i;600;600i;700;700i;800;800i,24,33.12,1.38,1.45,1.4,1.45,0.98865671641791,0.72,0.70,1.00,18,24,https://fonts.adobe.com/fonts/din-2014,1926,qsg1nnu,20,,,,,81,,,15,15,,111,10,8,,15,6,191,Adidas;NYC Ballet;Nohrd
27,DM Mono,DM Mono,DM Mono,Mono,GeometricMono,Mono,DM,Google,Colophon Foundry,300;300i;400;400i;500;500i,23.81,33.6,1.41,1.43,1.4,1.45,1.00298507462687,0.70,0.70,1.00,18,24,https://fonts.google.com/specimen/DM+Mono,2020,,,,,"1,597,326,526",14,,,,,5,,8.5,9,6,,5,3,62.5,Glamour
28,DM Sans,DM Sans,DM Sans,Sans,Geometric,Neuzeit,DM,Google,Jonny Pinhorn;Colophon Foundry;Indian Type Foundry,100..1000;100..1000i,24.19,33.6,1.39,1.43,1.4,1.45,1.00298507462687,0.72,0.70,1.00,18,24,https://fonts.google.com/specimen/DM+Sans,2019,,,1,,"40,694,164,090",57,,100,,15,5,,134.25,9,10,,15,10,224.25,Griffin Museum;MADE;Rosendahl
29,EB Garamond,EB Garamond,EB Garamond,Serif,Old Style,Garamond,,Google,Georg Duffner;Octavio Pardo;Claude Garamond,400..800;400..800i,19.44,31.49,1.62,1.52,1.6,1.5,0.94,0.62,0.66,1.06,19,25,https://fonts.google.com/specimen/EB+Garamond,1530,,,,,"14,721,441,891",41,,,,15,,,25.25,8,8,,5,10,89.25,Tattler
30,Europa,Europa,Europa,Sans,Geometric,Futura,,Adobe,Fabian Leuenberger,300;300i;400;400i;700;700i,22.18,33.6,1.51,1.43,1.5,1.45,1.00298507462687,0.66,0.70,1.00,18,24,https://fonts.adobe.com/fonts/europa,2011,tap5faa,,,,,,,,,,5,15,20,10,8,10,10,3,110,Belvedere Museum;Design Milk
31,Eurostile,Eurostile,Eurostile,Sans,Geometric,Eurostile,,Adobe,Aldo Novarese;URW Type Foundry,400;400i;500;500i;700;700i;800;800i;900;900i,22.42,32.02,1.43,1.5,1.45,1.5,0.955820895522388,0.70,0.66,1.06,19,25,https://fonts.adobe.com/fonts/eurostile,1962,uic0rgw,33,,,,,68,,,,15,-15,68,10,6,10,,5,138,
32,FF Meta Serif Web Pro,Meta Serif Pro,Meta Serif,Serif,Contemporary,MetaSerif,Meta,Adobe,Botio Nikoltchev;Christian Schwartz;Erik Spiekermann;Kris Sowersby;Ralph du Carrois;FontFont,300;300i;500;500i;600;600i;700;700i;800;800i;900;900i,23.57,33.07,1.4,1.45,1.4,1.45,0.987164179104478,0.72,0.68,1.03,19,25,https://fonts.adobe.com/fonts/ff-meta-serif,1991,xee7vna,18,,,,,83,,,,5,,88,10,8,,,6,168,
33,FF Meta Web Pro,Meta Pro,Meta,Sans,Humanist,Meta,Meta,Adobe,Erik Spiekermann;FontFont,100;100i;200;200i;300;300i;400;400i;500;500i;600;600i;700;700i;900;900i,23.9,32.93,1.38,1.46,1.4,1.45,0.982985074626866,0.72,0.68,1.03,19,25,https://fonts.adobe.com/fonts/ff-meta,1991,wlp2bua,18,,,,,83,,,15,5,,103,10,8,,5,8,183,Human Rights Watch
34,FF Scala,Scala Pro,Scala,Serif,Old Style,Garamond,Scala,Adobe,Martin Majoor;,400;400i;700;700i,21.74,31.68,1.46,1.52,1.45,1.5,0.945671641791045,0.68,0.66,1.06,19,25,https://fonts.adobe.com/fonts/scala,1991,sor6ygr,34,,,,,67,,,15,5,,87,10,6,,,2,147,
35,FF Scala Sans Pro,Scala Sans Pro,Scala Sans,Sans,Humanist,Johnston,Scala,Adobe,Martin Majoor;,300;300i;400;400i;700;700i;900;900i,21.74,31.68,1.46,1.52,1.45,1.5,0.945671641791045,0.68,0.66,1.06,19,25,https://fonts.adobe.com/fonts/scala-sans,1991,zio3lkz,34,,,,,67,,,15,5,,87,10,6,,5,4,147,NYU Press
36,FF Tisa Sans Web Pro,Tisa Sans,Tisa Sans,Sans,Humanist,Johnston,Tisa,Adobe,Mitja Miklavčič,100;100i;300;300i;400;400i;500;500i;600;600i;700;700i;800;800i;900;900i,23.33,33.46,1.43,1.43,1.45,1.45,0.998805970149254,0.70,0.70,1.00,18,24,https://fonts.adobe.com/fonts/ff-tisa-sans,2011,csa8hvn,,,,,,,15,,15,5,,35,9,9,,,8,116,
37,FF Tisa Web Pro,Tisa,Tisa,Serif,Slab,Slab,Tisa,Adobe,Mitja Miklavčič,100;100i;300;300i;400;400i;500;500i;600;600i;700;700i;800;800i;900;900i,22.8,33.31,1.46,1.44,1.45,1.45,0.994328358208955,0.68,0.70,1.00,18,24,https://fonts.adobe.com/fonts/ff-tisa,2008,grc1rar,,,,,,,,,5,5,,10,,,,,8,10,
38,Figtree,Figtree,Figtree,Sans,Geometric,Proxima,,Google,Erik Kennedy,300..900;300..900i,24,33.6,1.4,1.43,1.4,1.45,1.00298507462687,0.72,0.70,1.00,18,24,https://fonts.google.com/specimen/Figtree,2022,,,,,"10,539,765,062",37,,,,15,5,,29.25,9,10,10,5,10,129.25,Parents
39,Fira Mono,Fira Mono,Fira Mono,Mono,HumanistMono,Mono,Fira,Google,Carrois Apostrophe,400;500;700,25.3,33.07,1.31,1.45,1.3,1.45,0.987164179104478,0.76,0.68,1.03,19,25,https://fonts.google.com/specimen/Fira+Mono,2013,,,,,"1,013,909,468",10,,,,15,5,,22.5,6,2,,,1,34.5,
40,Fira Sans,Fira Sans,Fira Sans,Sans,Humanist,Meta,Fira,Google,Carrois Apostrophe,100;100i;200;200i;300;300i;400;400i;500;500i;600;600i;700;700i;800;800i;900;900i,25.3,33.07,1.31,1.45,1.3,1.45,0.987164179104478,0.76,0.68,1.03,19,25,https://fonts.google.com/specimen/Fira+Sans,2013,,,8,,"40,702,012,574",58,,93,,15,5,,127.5,6,8,,15,9,175.5,Bund DE;CARE;Imperial College
41,Franklin Gothic URW,Franklin Gothic URW,Franklin Gothic,Sans,Grotesque,Franklin,,Adobe,URW Type Foundry;Morris Fuller Benton,urw-300;300i;400;400i;500;500i;700;700i;900;900i,23.67,31.99,1.35,1.5,1.35,1.5,0.954925373134328,0.74,0.66,1.06,19,25,https://fonts.adobe.com/fonts/franklin-gothic-urw,1903,qxw5oqh,12,,11,,,89,,91,,15,-15,180,10,6,,15,5,240,Huckberry;Rotten Tomatoes;ArtForum
42,Fraunces,Fraunces,Fraunces,Serif,Contemporary,Windsor,,Google,Undercase Type;Phaedra Charles;Flavia Zimbardi,100..900;100..900i,21.54,31.76,1.47,1.51,1.45,1.5,0.948059701492537,0.68,0.66,1.06,19,25,https://fonts.google.com/specimen/Fraunces,2020,,,16,,"1,448,184,905",12,,85,,,5,,93,8,6,,,,141,titles	labels	accents	short	long
43,Freight Neo Pro,Freight Neo,Freight Neo,Sans,Humanist,Optima,Freight,Adobe,Joshua Darden;The Freight Collection,Pro-300;300i;400;400i;500;500i;600;600i;700;700i;900;900i,21.98,30,1.36,1.6,1.35,1.6,0.895522388059701,0.74,0.62,1.13,20,27,https://fonts.adobe.com/fonts/freight-neo,2005,fmc7gnx,,,39,,,,,63,15,5,,83,9,6,,,6,137,
44,Freight Sans Pro,Freight Sans,Freight Sans,Sans,Humanist,Johnston,Freight,Adobe,Joshua Darden,Pro-300;300i;400;400i;500;500i;600;600i;700;700i;900;900i,21.98,30,1.36,1.6,1.35,1.6,0.895522388059701,0.74,0.62,1.13,20,27,https://fonts.adobe.com/fonts/freight-sans,2005,noz2waz,,,39,,,,,63,15,5,,83,9,10,,15,6,173,Lapham’s Quarterly;Kennedy Center;Cornell University Press
45,Freight Text Pro,Freight,Freight,Serif,Transitional,Times,Freight,Adobe,Joshua Darden,Text Pro-300;300i;400;400i;500;500i;600;600i;700;700i;900;900i,21.41,30,1.4,1.6,1.4,1.6,0.895522388059701,0.72,0.62,1.13,20,27,https://fonts.adobe.com/fonts/freight-text,2005,kjk1wqx,,,39,,,,,63,15,5,,83,9,10,,15,6,173,Huckberry;Ferm Living;Conde Nast Traveller
46,Futura PT,Futura PT,Futura,Sans,Geometric,Futura,Futura PT,Adobe,Paul Renner;Isabella Chaeva;Vladimir Andrich;Vladimir Yefimov,300;300i;400;400i;500;500i;600;600i;700;700i;800;800i;,19.92,32.02,1.61,1.5,1.6,1.5,0.955820895522388,0.62,0.66,1.06,19,25,https://fonts.adobe.com/fonts/futura-pt,1927,ssn0ejn,5,,1,,,96,,101,15,15,,227,10,8,,15,6,307,Asos;Mon Concept Habitation;Ableton
47,Gelasio,Gelasio,Gelasio,Serif,Transitional,Scotch,,Google,Eben Sorkin,400;400i;500;500i;600;600i;700;700i,23.3,33.26,1.43,1.44,1.45,1.45,0.992835820895522,0.70,0.70,1.00,18,24,https://fonts.google.com/specimen/Gelasio/,2022,,,,,"1,816,792,018",16,,,,,5,,9,8,9,10,5,4,91,Merge Records
48,GeorgiaPro,Georgia Pro,Georgia,Serif,Transitional,Scotch,,Adobe,Matthew Carter;Tom Rickner;Steve Matteson,300;300i;400;400i;600;600i;700;700i;900;900i;,23.09,33.26,1.44,1.44,1.45,1.45,0.992835820895522,0.70,0.70,1.00,18,24,https://fonts.adobe.com/fonts/georgia-pro,1996,tbu8cty,,,,,,,,,15,15,,30,10,10,20,15,5,150,Wikipedia;Politico;Mashable
49,Gill Sans Nova,Gill Sans Nova,Gill Sans,Sans,Humanist,Johnston,,Adobe,Eric Gill;George Ryan,200;200i;300;300i;400;400i;500;500i;600;600i;700;700i;800;800i;900,21.55,32.74,1.52,1.47,1.5,1.45,0.977313432835821,0.66,0.68,1.03,19,25,https://fonts.adobe.com/fonts/gill-sans-nova,1930,kvy4jpw,9,,22,,,92,,80,,15,,187,10,10,,15,7,287,John Lewis;Normann;Moooi
50,Granville,Granville,Granville,Sans,Humanist,Optima,,Adobe,Jean-Baptiste Levée,300;300i;400;400i;700;700i,21.6,31.68,1.47,1.52,1.45,1.5,0.945671641791045,0.68,0.66,1.06,19,25,https://fonts.adobe.com/fonts/granville,2015,uvz5qqa,,,24,,,,,78,,5,,83,8,6,,,,131,
51,Hanken Grotesk,Hanken Grotesk,Hanken Grotesk,Sans,Grotesque,NeoGrotesque,,Google,Alfredo Marco Pradil;Hanken Design Co.,100;100i;200;200i;300;300i;400;400i;500;500i;600;600i;700;700i;800;800i;900;900i,23.66,33.46,1.41,1.43,1.4,1.45,0.998805970149254,0.70,0.70,1.00,18,24,https://fonts.google.com/specimen/Hanken+Grotesk,2019,,,,,"857,951,790",8,,,,15,5,,22,9,9,10,,9,113,
52,IBM Plex Mono,IBM Plex Mono,IBM Plex Mono,Mono,GrotesqueMono,Mono,IBM Plex,Google,Mike Abbink;Bold Monday,100;100i;200;200i;300;300i;400;400i;500;500i;600;600i;700;700i,24.77,33.5,1.35,1.43,1.35,1.45,1,0.74,0.70,1.00,18,24,https://fonts.google.com/specimen/IBM+Plex+Mono,2017,,,,,"8,866,310,287",34,,,,,5,,13.5,8,2,,10,7,29.5,IBM;Variety
53,IBM Plex Sans,IBM Plex Sans,IBM Plex Sans,Sans,Grotesque,Franklin,IBM Plex,Google,Mike Abbink;Bold Monday,100;100i;200;200i;300;300i;400;400i;500;500i;600;600i;700;700i,24.77,33.5,1.35,1.43,1.35,1.45,1,0.74,0.70,1.00,18,24,https://fonts.google.com/specimen/IBM+Plex+Sans,2017,,,27,,"31,814,652,471",54,,74,,15,5,,107.5,8,8,,5,7,171.5,IBM
54,IBM Plex Serif,IBM Plex Serif,IBM Plex Serif,Serif,Transitional,Times,IBM Plex,Google,Mike Abbink;Bold Monday,100;100i;200;200i;300;300i;400;400i;500;500i;600;600i;700;700i,24.77,33.5,1.35,1.43,1.35,1.45,1,0.74,0.70,1.00,18,24,https://fonts.google.com/specimen/IBM+Plex+Serif ,2017,,,,,"6,361,947,963",30,,,,,5,,12.5,8,6,10,5,7,70.5,IBM
55,Inconsolata,Inconsolata,Inconsolata,Mono,GeometricMono,Mono,,Google,Raph Levien,200..900,21.94,29.95,1.37,1.6,1.35,1.6,0.894029850746269,0.74,0.62,1.13,20,27,https://fonts.google.com/specimen/Inconsolata,2009,,,38,,"30,787,357,684",53,,63,,15,5,,96.25,7,4,,,10,124.25,
56,Inria Sans,Inria Sans,Inria Sans,Sans,Humanist,Meta,Inria,Google,Grégori Vincens;Jérémie Hornus,300;300i;400;400i;700;700i,23.76,32.64,1.37,1.47,1.35,1.45,0.974328358208955,0.72,0.68,1.03,19,25,https://fonts.google.com/specimen/Inria+Sans,2019,,,,,"859,105,388",9,,,,15,,-15,2.25,8,6,,,3,50.25,
57,Instrument Sans,Instrument Sans,Instrument Sans,Sans,Grotesque,NeoGrotesque,,Google,Rodrigo Fuenzalida;Jordan Egstad,400;400i;500;500i;600;600i;700;700i,24.48,34.56,1.41,1.39,1.4,1.4,1.03164179104478,0.70,0.72,0.97,18,23,https://fonts.google.com/specimen/Instrument+Sans,2023,,,,,"542,565,036",5,,,,,5,,6.25,8,9,15,,4,93.25,
58,Inter,Inter,Inter,Sans,Grotesque,NeoGrotesque,,Google,Rasmus Andersson,100..900;100..900i,26.2,34.92,1.33,1.37,1.35,1.35,1.04238805970149,0.76,0.72,0.97,18,23,https://fonts.google.com/specimen/Inter,2017,,,2,,"307,203,582,517",69,,99,,15,15,,146.25,10,10,,15,10,246.25,Evernote;Notion;Peloton
59,Interstate,Interstate,Interstate,Sans,Geometric,DIN,Interstate,Adobe,Tobias Frere-Jones;Frere-Jones Type,100;100i;200;200i;300;300i;400;400i;500;500i;700;700i;800;800i;900;900i,25.2,33.6,1.33,1.43,1.35,1.45,1.00298507462687,0.76,0.70,1.00,18,24,https://fonts.adobe.com/fonts/interstate,1993,ljr4jdi,14,,,,,87,,,,15,,102,10,8,,5,8,182,Berry Good
60,ITC Avant Garde Gothic Pro,ITC Avant Garde Gothic Pro,Avant Garde,Sans,Geometric,Futura,,Adobe,Herb Lubalin;Tom Carnase;Monotype,300;500;700,26.59,35.52,1.34,1.35,1.35,1.35,1.06029850746269,0.74,0.74,0.95,17,23,https://fonts.adobe.com/fonts/itc-avant-garde-gothic,1970,heq1pzb,23,,,,,78,,102,,15,-15,180,10,7,,,1,250,
61,IvyPresto Text,IvyPresto,IvyPresto,Serif,Contemporary,Glyphic,,Adobe,Jan Maack,100;100i;300;300i;400;400i;600;600i;700;700i;,25.15,34.94,1.39,1.37,1.4,1.35,1.04298507462687,0.72,0.72,0.97,18,23,https://fonts.adobe.com/fonts/ivypresto-text,2020,cul0cor,,,31,,,,,71,15,5,,91,9,4,,,,127,
62,JetBrains Mono,JetBrains Mono,JetBrains Mono,Mono,GeometricMono,Mono,,Google,JetBrains;Philipp Nurullin;Konstantin Bulenkov,100..800;100..800i,26.4,35.04,1.33,1.37,1.35,1.35,1.04597014925373,0.76,0.74,0.95,17,23,https://fonts.google.com/specimen/JetBrains+Mono,2020,,,,,"1,520,589,354",13,,,,15,5,,23.25,5,2,,,10,33.25,
63,Josefin Sans,Josefin Sans,Josefin Sans,Sans,Geometric,Futura,Josefin,Google,Santiago Orozco,100..700;100..700i,19.87,34.7,1.75,1.38,1.75,1.4,1.03582089552239,0.58,0.72,0.97,18,23,https://fonts.google.com/specimen/Josefin+Sans,2010,,,41,,"20,635,687,482",49,,15,,,5,,32.25,4,4,,,,48.25,
64,Jost,Jost,Jost,Sans,Geometric,Futura,,Google,Owen Earl,100..900;100..900i,22.08,33.6,1.52,1.43,1.5,1.45,1.00298507462687,0.66,0.70,1.00,18,24,https://fonts.google.com/specimen/Jost,2018,,,,,"16,162,099,831",47,,,,15,5,,31.75,8,10,10,5,10,121.75,Merge Records
65,Karla,Karla,Karla,Sans,Grotesque,Blake,,Google,Jonny Pinhorn,200..800;200..800i,22.99,30.14,1.31,1.59,1.3,1.6,0.899701492537313,0.76,0.62,1.13,20,27,https://fonts.google.com/specimen/Karla,2012,,,23,,"25,008,562,156",51,,78,,15,5,,110.75,8,6,10,5,10,168.75,The Hollywood Reporter
66,Kepler Std,Kepler,Kepler,Serif,Transitional,Times,,Adobe,Robert Slimbach,300;300i;400;400i;500;500i;600;600i;700;700i;900;900i,20.64,30.43,1.47,1.58,1.45,1.6,0.908358208955224,0.68,0.64,1.09,20,26,https://fonts.adobe.com/fonts/kepler,1996,fxa0ozr,,,40,,,,,62,,5,,67,9,10,,,,157,
67,Lato,Lato,Lato,Sans,Humanist,Johnston,,Google,Łukasz Dziedzic,100;100i;300;300i;400;400i;700;700i;900;900i,24.31,34.39,1.41,1.4,1.4,1.4,1.0265671641791,0.70,0.72,0.97,18,23,https://fonts.google.com/specimen/Lato,2011,,,30,,"415,612,322,736",70,,71,,-15,5,,78.5,1,8,,15,4,86.5,
68,League Spartan,League Spartan,League Spartan,Sans,Geometric,Neuzeit,,Google,Matt Bailey;Tyler Finck,100;200;300;400;500;600;700;800;900,19.7,31.68,1.61,1.52,1.6,1.5,0.945671641791045,0.62,0.66,1.06,19,25,https://fonts.google.com/specimen/League+Spartan/,2021,,,,,"2,357,262,976",17,,15,,,5,,24.25,5,6,10,,4,64.25,
69,Lexend,Lexend,Lexend,Sans,Geometric,Proxima,,Google,Bonnie Shaver-Troup;Thomas Jockin;Santiago Orozco;Héctor Gómez;Superunion,100..900,25.2,33.6,1.33,1.43,1.35,1.45,1.00298507462687,0.76,0.70,1.00,18,24,https://fonts.google.com/specimen/Lexend,2021,,,,,"7,725,664,232",31,,,,,5,,12.75,7,8,,10,10,68.75,HubSpot;Granta
70,Libre Baskerville,Libre Baskerville,Libre Baskerville,Serif,Transitional,Baskerville,,Google,Impallari Type;John Baskerville,400;400i;700,25.44,36.96,1.45,1.3,1.45,1.3,1.10328358208955,0.68,0.78,0.90,16,22,https://fonts.google.com/specimen/Libre+Baskerville,1754,,,21,,"17,624,583,286",48,,80,,-15,5,,82,5,4,,5,1,102,Heifer International
71,Libre Caslon Text,Libre Caslon Text,Libre Caslon Text,Serif,Old Style,Caslon,,Google,Impallari Type;William Caslon I,400;400i;700,25.44,36.96,1.45,1.3,1.45,1.3,1.10328358208955,0.68,0.78,0.90,16,22,https://fonts.google.com/specimen/Libre+Caslon+Text,1725,,,,,"2,384,689,590",18,,,,15,5,,24.5,5,6,,5,1,54.5,Glamour
72,Libre Franklin,Libre Franklin,Libre Franklin,Sans,Grotesque,Franklin,,Google,Impallari Type;Morris Fuller Benton,100..900;100..900i,25.44,35.62,1.4,1.35,1.4,1.35,1.06328358208955,0.72,0.74,0.95,17,23,https://fonts.google.com/specimen/Libre+Franklin,1902,,,7,,"23,302,663,078",50,,94,,,5,,111.5,4,6,,15,10,135.5,Intelligencer;Environmental Defence Fund;University of Minnesota Press
73,Linotype Sabon,Sabon,Sabon,Serif,Old Style,Garamond,,Adobe,Jan Tschichold,400;400i;700;700i,21.54,31.76,1.47,1.51,1.45,1.5,0.948059701492537,0.68,0.66,1.06,19,25,https://fonts.adobe.com/fonts/sabon,1967,glj1wwv,,,36,,,,,66,,5,,71,10,8,,,,151,
74,Literata,Literata,Literata,Serif,Contemporary,Bookman,,Google,TypeTogether,200..900;200..900i,24.5,34.4,1.4,1.4,1.4,1.4,1.02686567164179,0.72,0.72,0.97,18,23,https://fonts.google.com/specimen/Literata,2015,,,41,,"1,717,244,891",15,,15,,,5,,23.75,8,8,,,,87.75,
75,Logic Monospace,Logic Monospace,Logic Monospace,Mono,GrotesqueMono,Mono,,Adobe,Jeremy Mickel;MCKL,300;300i;400;400i;500;500i;700;700i;800;800i,20.45,27.79,1.36,1.73,1.35,1.75,0.82955223880597,0.74,0.58,1.21,22,29,https://fonts.adobe.com/fonts/logic-monospace,2020,seq8bzu,,,,,,,,,,,5,5,9,4,10,5,5,51,The Atlantic
76,Lora,Lora,Lora,Serif,Transitional,Bookman,,Google,Cyreal,400..700;400..700i,24,33.6,1.4,1.43,1.4,1.45,1.00298507462687,0.72,0.70,1.00,18,24,https://fonts.google.com/specimen/Lora,2011,,,,,"45,211,941,869",59,,,,,5,,19.75,8,8,,10,10,83.75,Teach For America;Domino Records
77,Manrope,Manrope,Manrope,Sans,Geometric,Neuzeit,,Google,Mikhail Sharanda,200..800;200..800i,25.92,34.56,1.33,1.39,1.35,1.4,1.03164179104478,0.76,0.72,0.97,18,23,https://fonts.google.com/specimen/Manrope,2018,,,28,,"33,373,782,457",55,,73,,,5,,91.75,2,4,,,6,99.75,
78,Mencken Std,Mencken Std,Mencken,Serif,Modern,Century,,Adobe,Jean François Porchez,400;400i;700;700i;800;800i,24.48,32.4,1.32,1.48,1.3,1.5,0.967164179104478,0.76,0.68,1.03,19,25,https://fonts.adobe.com/fonts/mencken,2005,qif4svm,,,19,,,,,83,,5,,88,9,8,,,,160,
79,Merriweather,Merriweather,Merriweather,Serif,Contemporary,MetaSerif,Merriweather,Google,Sorkin Type,300;300i;400;400i;700;700i;900;900i,26.64,35.66,1.34,1.35,1.35,1.35,1.0644776119403,0.74,0.74,0.95,17,23,https://fonts.google.com/specimen/Merriweather,2010,,,,,"67,723,812,459",63,,,,15,5,,35.75,4,6,,15,4,59.75,Quanta;USA Gov;CARE;Max Planck Institute
80,Merriweather Sans,Merriweather Sans,Merriweather Sans,Sans,Humanist,Frutiger,Merriweather,Google,Sorkin Type,300..800;300..800i,26.74,35.71,1.34,1.34,1.35,1.35,1.06597014925373,0.74,0.74,0.95,17,23,https://fonts.google.com/specimen/Merriweather+Sans,2013,,,40,,"6,195,284,837",29,,61,,,5,,73.25,4,4,,,10,89.25,
81,Minion Pro,Minion Pro,Minion,Serif,Old Style,Garamond,,Adobe,Robert Slimbach,400;400i;500;500i;600;600i;700;700i,20.98,31.2,1.49,1.54,1.5,1.55,0.93134328358209,0.68,0.66,1.06,19,25,https://fonts.adobe.com/fonts/minion,1990,jda0jat,30,,9,,,71,,93,15,15,,194,10,10,,10,4,294,Smithsonian;Gagosian
82,Montserrat,Montserrat,Montserrat,Sans,Geometric,Proxima,,Google,Julieta Ulanovsky;Sol Matas;Juan Pablo del Peral;Jacques Le Bailly,100..900;100..900i,25.22,33.6,1.33,1.43,1.35,1.45,1.00298507462687,0.76,0.70,1.00,18,24,https://fonts.google.com/specimen/Montserrat,2010,,,29,,"499,965,228,272",72,,72,,15,15,,120,8,8,,15,10,184,Hootsuite;Musee d’Orsay;Brooklyn Bicycle Co
83,Museo,Museo,Museo,Serif,Slab,Slab,Museo,Adobe,Jos Buivenga;exljbris Font Foundry,100;100i;300;300i;500;500i;700;700i;900;900i,24.29,33.89,1.4,1.42,1.4,1.4,1.01164179104478,0.72,0.70,1.00,18,24,https://fonts.adobe.com/fonts/museo,2009,wbe8aen,,,,,,,,,5,5,,10,10,7,15,,5,95,
84,Museo Sans,Museo Sans,Museo Sans,Sans,Humanist,Frutiger,Museo,Adobe,Jos Buivenga;exljbris Font Foundry,100;100i;300;300i;500;500i;700;700i;900;900i,24.29,33.89,1.4,1.42,1.4,1.4,1.01164179104478,0.72,0.70,1.00,18,24,https://fonts.adobe.com/fonts/museo-sans,2009,nwx3mlp,,,,,,,,,5,5,,10,10,9,15,,5,115,
85,Museo Slab,Museo Slab,Museo Slab,Serif,Slab,Slab,Museo,Adobe,Jos Buivenga;exljbris Font Foundry,100;100i;300;300i;500;500i;700;700i;900;900i,24.29,33.89,1.4,1.42,1.4,1.4,1.01164179104478,0.72,0.70,1.00,18,24,https://fonts.adobe.com/fonts/museo-slab,2009,fji4isd,,,,,,,,,15,5,,20,10,8,15,,5,115,
86,Myriad Pro,Myriad Pro,Myriad Pro,Sans,Humanist,Frutiger,,Adobe,Carol Twombly;Robert Slimbach,300;300i;400;400i;600;600i;700;700i;900;900i,23.23,32.35,1.39,1.48,1.4,1.5,0.965671641791045,0.72,0.68,1.03,19,25,https://fonts.adobe.com/fonts/myriad,1992,uyz3fxv,31,,,,,70,,,15,5,,90,10,10,,5,5,190,Instructables
87,Neue Haas Grotesk,Neue Haas Grotesk (Helvetica),Neue Haas Grotesk,Sans,Grotesque,NeoGrotesque,,Adobe,Max Miedinger;Eduard Hoffmann;Christian Schwartz,Text-400;400i;500;500i;700;700i,25.78,35.71,1.39,1.34,1.4,1.35,1.06597014925373,0.72,0.74,0.95,17,23,https://fonts.adobe.com/fonts/neue-haas-grotesk,1957,lry7sff,,,8,,,,,94,,15,,109,10,8,,15,3,189,Whitney;ArtCenter;Billboard
88,Neue Haas Unica,Neue Haas Unica,Neue Haas Unica,Sans,Grotesque,NeoGrotesque,,Adobe,"André Gürtler, Christian Mengelt;Erich Gschwind;Toshi Omagari",100;100i;200;200i;300;300i;400;400i;500;500i;600;600i;700;700i;800;800i;900;900i,24.38,34.18,1.4,1.4,1.4,1.4,1.02029850746269,0.72,0.72,0.97,18,23,https://fonts.adobe.com/fonts/neue-haas-unica,1980,fyj5txg,,,10,,,,,92,,15,,107,10,8,10,15,9,197,ArtReview;Design Observer;Bella Union
89,Neue Kabel,Neue Kabel,Kabel,Sans,Geometric,Kabel,,Adobe,Rudolf Koch;Marc Schütz;,100;100i;200;200i;300;300i;400;400i;500;500i;600;600i;700;700i;800;800i;900;900i,21.12,33.6,1.59,1.43,1.6,1.45,1.00298507462687,0.62,0.70,1.00,18,24,https://fonts.adobe.com/fonts/neue-kabel,1927,blh2per,78,,27,,,23,,75,,15,,113,10,8,10,,9,203,
90,Neuzeit Grotesk,Neuzeit Grotesk,Neuzeit Grotesk,Sans,Geometric,Neuzeit,,Adobe,URW Type Foundry;Wilhelm Pischner,300;400;700;900,22.13,32.02,1.45,1.5,1.45,1.5,0.955820895522388,0.70,0.66,1.06,19,25,https://fonts.adobe.com/fonts/neuzeit-grotesk,1928,aah6neu,,,,,,,,,,5,10,15,9,6,,10,2,69,Chamber Music Society;Public Book
91,Newsreader,Newsreader,Newsreader,Serif,Transitional,Times,,Google,Production Type,200..800;200..800i,21.82,32.76,1.5,1.47,1.5,1.45,0.977910447761194,0.66,0.68,1.03,19,25,https://fonts.google.com/specimen/Newsreader,2021,,,41,,"800,270,778",6,,15,,,5,,21.5,7,8,,,,77.5,
92,Noticia Text,Noticia Text,Noticia,Serif,Contemporary,MetaSerif,,Google,JM Solé,400;400i;700;700i,25.43,31.71,1.25,1.51,1.25,1.5,0.946567164179104,0.80,0.66,1.06,19,25,https://fonts.google.com/specimen/Noticia+Text,2011,,,,,"2,810,541,844",22,,,,15,5,,25.5,6,6,,,,61.5,
93,Nunito Sans,Nunito Sans,Nunito Sans,Sans,Geometric,Proxima,,Google,Vernon Adams;Jacques Le Bailly;Manvel Shmavonyan;Alexei Vanyashin,200..1000;200..1000i,23.34,33.84,1.45,1.42,1.45,1.4,1.01014925373134,0.68,0.70,1.00,18,24,https://fonts.google.com/specimen/Nunito+Sans,2011,,,,,"82,463,878,515",66,,,15,,5,,36.5,6,6,,10,10,72.5,Mozilla;Museo Thyssen
94,Obviously,Obviously,Obviously,Sans,Grotesque,Blake,,Adobe,James Edmondson;OH no Type Co.,200;200i;300;300i;400;400i;500;500i;600;600i;700;700i;800;800i;900;900i,28.85,36,1.25,1.33,1.25,1.35,1.07462686567164,0.80,0.76,0.92,17,22,https://fonts.adobe.com/fonts/obviously-variable,2018,kfm1ruq,,,,,,,,102,,15,,117,8,4,,,1,149,
95,Old Standard TT,Old Standard TT,Old Standard TT,Serif,Modern,Century,,Google,Alexey Kryukov,400;400i;700,21.89,34.18,1.56,1.4,1.55,1.4,1.02029850746269,0.64,0.72,0.97,18,23,https://fonts.google.com/specimen/Old+Standard+TT,2009,,,,,"2,555,360,496",21,,,,,5,,10.25,8,6,10,,1,68.25,
96,Open Sans,Open Sans,Open Sans,Sans,Humanist,Frutiger,,Google,Steve Matteson,300..800;300..800i,25.69,34.27,1.33,1.4,1.35,1.4,1.02298507462687,0.74,0.72,0.97,18,23,https://fonts.google.com/specimen/Open+Sans,2010,,,37,,"1,429,242,327,289",73,,64,,-15,15,,82.25,4,8,,15,10,114.25,
97,OrpheusPro,Orpheus Pro,Orpheus,Serif,Contemporary,Glyphic,,Adobe,Walter Tiemann;Kevin Allan King;Patrick Griffin,400;400i;700;700i,22.85,34.9,1.53,1.38,1.55,1.4,1.04179104477612,0.66,0.72,0.97,18,23,https://fonts.adobe.com/fonts/orpheus,1928,sug0jcn,,,4,,,,,98,,5,,103,9,6,,,,157,
98,Outfit,Outfit,Outfit,Sans,Geometric,Neuzeit,,Google,Smartsheet Inc;Rodrigo Fuenzalida,100..900,22.8,33.31,1.46,1.44,1.45,1.45,0.994328358208955,0.68,0.70,1.00,18,24,https://fonts.google.com/specimen/Outfit,2021,,,,,"15,096,414,714",43,,15,15,,5,,45.75,9,8,10,5,10,127.75,Mashable
99,Overpass,Overpass,Overpass,Sans,Geometric,DIN,Overpass,Google,Delve Withrington;Dave Bailey;Thomas Jockin,100..900;100..900i,24.53,33.6,1.37,1.43,1.35,1.45,1.00298507462687,0.74,0.70,1.00,18,24,https://fonts.google.com/specimen/Overpass,2014,,,,,"9,583,416,274",35,,15,15,,5,,43.75,8,8,,5,10,107.75,International Labor Organization
100,Plantin,Plantin,Plantin,Serif,Old Style,Garamond,,Adobe,Robert Granjon;Frank Hinman Pierpont;Fritz Stelzer,300;300i;400;400i;600;600i;700;700i,21.6,32.74,1.52,1.47,1.5,1.45,0.977313432835821,0.66,0.68,1.03,19,25,https://fonts.adobe.com/fonts/plantin,1913,qjl8rgl,,,2,,,,,100,,15,-15,100,10,10,,,,200,
101,Playfair,Playfair,Playfair,Serif,Modern,Bodoni,,Google,Claus Eggers Sørensen,300..900;300..900i,19.95,27.41,1.37,1.75,1.35,1.75,0.818208955223881,0.72,0.58,1.21,22,29,https://fonts.google.com/specimen/Playfair,2011,,,22,,"75,081,991,940",64,,79,,15,5,,115,6,6,,,9,151,
102,Plus Jakarta Sans,Plus Jakarta Sans,Plus Jakarta Sans,Sans,Geometric,Neuzeit,,Google,Tokotype,200..800;200..800i,25.73,35.76,1.39,1.34,1.4,1.35,1.06746268656716,0.72,0.74,0.95,17,23,https://fonts.google.com/specimen/Plus+Jakarta+Sans,2020,,,,,"14,684,802,053",40,,15,15,15,5,,60,9,8,,,10,132,
103,Poppins,Poppins,Poppins,Sans,Geometric,Neuzeit,,Google,Indian Type Foundry;Jonny Pinhorn;Ninad Kale,100;100i;200;200i;300;300i;400;400i;500;500i;600;600i;700;700i;800;800i;900;900i,26.3,33.46,1.27,1.43,1.25,1.45,0.998805970149254,0.78,0.70,1.00,18,24,https://fonts.google.com/specimen/Poppins,2014,,,19,,"434,516,045,337",71,,82,,,5,,104.75,6,6,,15,9,140.75,
104,Protipo,Protipo,Protipo,Sans,Geometric,DIN,,Adobe,José Scaglione;Veronika Burian,300;300i;400;400i;500;500i;600;600i;700;700i;800;800i,25.82,33.74,1.31,1.42,1.3,1.4,1.00716417910448,0.76,0.70,1.00,18,24,https://fonts.adobe.com/fonts/protipo,2018,ump0tbz,,,,,,,,,15,5,,20,8,6,,,6,68,
105,Proxima Nova,Proxima Nova,Proxima Nova,Sans,Geometric,Proxima,Proxima,Adobe,Mark Simonson,100;100i;300;300i;400;400i;500;500i;600;600i;700;700i;800;800i;900;900i,23.18,32.02,1.38,1.5,1.4,1.5,0.955820895522388,0.72,0.66,1.06,19,25,https://fonts.adobe.com/fonts/proxima-nova,2005,qfs0oru,,,12,,,,,90,15,15,,120,10,10,10,15,8,230,DuckDuckGo;Buzzfeed;FitBit;
107,Proza Libre,Proza Libre,Proza Libre,Sans,Humanist,Optima,,Google,Jasper de Waard,400;400i;500;500i;600;600i;700;700i;800;800i,24.84,34.34,1.38,1.4,1.4,1.4,1.02507462686567,0.72,0.72,0.97,18,23,https://fonts.google.com/specimen/Proza+Libre,2016,,,25,,"355,230,785",2,,15,,,5,,20.5,8,7,10,,5,86.5,
108,PT Mono,PT Mono,PT Mono,Mono,HumanistMono,Mono,PT,Google,ParaType,400;,24,33.6,1.4,1.43,1.4,1.45,1.00298507462687,0.72,0.70,1.00,18,24,https://fonts.google.com/specimen/PT+Mono,2010,,,,,"1,435,428,694",11,,,,,5,,7.75,8,4,,,1,39.75,
109,PT Sans,PT Sans,PT Sans,Sans,Humanist,Meta,PT,Google,ParaType,400;400i;700;700i,24,33.6,1.4,1.43,1.4,1.45,1.00298507462687,0.72,0.70,1.00,18,24,https://fonts.google.com/specimen/PT+Sans,2010,,,31,,"56,176,463,253",61,,70,,,5,,90.25,8,10,,10,2,170.25,Oxford University;Uffizi
110,PT Serif,PT Serif,PT Serif,Serif,Contemporary,MetaSerif,PT,Google,ParaType,400;400i;700;700i,24,33.6,1.4,1.43,1.4,1.45,1.00298507462687,0.72,0.70,1.00,18,24,https://fonts.google.com/specimen/PT+Serif,2010,,,32,,"28,770,423,531",52,,69,,15,5,,102,8,8,,5,2,166,Ada
111,Public Sans,Public Sans,Public Sans,Sans,Grotesque,Franklin,,Google,USWDS;Dan Williams;Pablo Impallari;Rodrigo Fuenzalida,100..900;100..900i,24.82,34.7,1.4,1.38,1.4,1.4,1.03582089552239,0.72,0.72,0.97,18,23,https://fonts.google.com/specimen/Public+Sans,2018,,,,,"10,263,411,936",36,,,,,5,15,29,10,10,15,15,10,144,National Museum Of American History;Sinebrychoff Art Museum;Evidation
112,Questa,Questa,Questa,Serif,Transitional,Times,Questa,Adobe,Jos Buivenga;Martin Majoor,300;300i;400;400i;500;500i;700;700i;900;900i,21.54,31.76,1.47,1.51,1.45,1.5,0.948059701492537,0.68,0.66,1.06,19,25,https://fonts.adobe.com/fonts/questa,2010,rfe1kqe,,,41,,,,,15,5,5,,25,9,8,,,,97,
113,Questa Grande,Questa Grande,Questa Grande,Serif,Modern,Bodoni,Questa,Adobe,Jos Buivenga;Martin Majoor,300;300i;400;400i;500;500i;700;700i;900;900i,21.54,31.76,1.47,1.51,1.45,1.5,0.948059701492537,0.68,0.66,1.06,19,25,https://fonts.adobe.com/fonts/questa-grande,2010,kue4zna,,,41,,,,,15,15,5,,35,9,4,,,,71,
114,Questa Sans,Questa Sans,Questa Sans,Sans,Grotesque,Blake,Questa,Adobe,Jos Buivenga;Martin Majoor,300;300i;400;400i;500;500i;700;700i;900;900i,21.54,31.76,1.47,1.51,1.45,1.5,0.948059701492537,0.68,0.66,1.06,19,25,https://fonts.adobe.com/fonts/questa-sans,2010,rwa8zuu,,,41,,,,,15,15,5,,35,9,10,,,,125,
115,Questa Slab,Questa Slab,Questa Slab,Serif,Slab,Slab,Questa,Adobe,Jos Buivenga;Martin Majoor,300;300i;400;400i;500;500i;700;700i;900;900i,21.54,31.76,1.47,1.51,1.45,1.5,0.948059701492537,0.68,0.66,1.06,19,25,https://fonts.adobe.com/fonts/questa-slab,2010,wvx6ogz,,,41,,,,,15,5,5,,25,9,8,,,,97,
116,Radio Canada,Radio Canada,Radio Canada,Sans,Humanist,Frutiger,,Google,Charles Daoud;Coppers and Brasses;Alexandre Saumier Demers;Jacques Le Bailly,300;300i;400;400i;500;500i;600;600i;700;700i,24.72,33.12,1.34,1.45,1.35,1.45,0.98865671641791,0.74,0.70,1.00,18,24,https://fonts.google.com/specimen/Radio+Canada,2017,,,,,"821,998,791",7,,,,,,10,11.75,9,9,15,5,5,107.75,Radio Canada
117,Raleway,Raleway,Raleway,Sans,Geometric,Proxima,,Google,Matt McInerney;Pablo Impallari;Rodrigo Fuenzalida,100..900;100..900i,25.01,34.08,1.36,1.41,1.35,1.4,1.01731343283582,0.74,0.72,0.97,18,23,https://fonts.google.com/specimen/Raleway,2010,,,39,,"115,784,582,865",67,,62,,,5,,83.75,1,4,,10,9,87.75,
118,Roboto,Roboto,Roboto,Sans,Grotesque,NeoGrotesque,Roboto,Google,Christian Robertson,100;100i;300;300i;400;400i;500;500i;700;700i;900;900i,25.36,34.13,1.35,1.41,1.35,1.4,1.01880597014925,0.74,0.72,0.97,18,23,https://fonts.google.com/specimen/Roboto,2011,,,15,,"3,416,100,879,150",74,,86,,15,15,,134.5,6,8,-15,15,6,167.5,United Nations;Technische Universität München;Max Planck Institute;London School of Economics;Louvre
119,Roboto Mono,Roboto Mono,Roboto Mono,Mono,GrotesqueMono,Mono,Roboto,Google,Christian Robertson,100..700;100..700i,25.36,34.13,1.35,1.41,1.35,1.4,1.01880597014925,0.74,0.72,0.97,18,23,https://fonts.google.com/specimen/Roboto+Mono,2011,,,,,"148,125,665,090",68,,,,15,5,,37,6,2,,5,10,49,Vox
120,Roboto Serif,Roboto Serif,Roboto Serif,Serif,Contemporary,MetaSerif,Roboto,Google,Commercial Type;Greg Gazdowicz,100..900;100..900i,25.78,34.08,1.32,1.41,1.3,1.4,1.01731343283582,0.76,0.72,0.97,18,23,https://fonts.google.com/specimen/Roboto+Serif,2011,,,,,"2,445,495,676",19,,15,15,,5,,39.75,4,6,,5,10,63.75,Cleveland Museum of Art
121,Roboto Slab,Roboto Slab,Roboto Slab,Serif,Slab,Slab,Roboto,Google,Christian Robertson,100..900;100..900i,25.36,34.13,1.35,1.41,1.35,1.4,1.01880597014925,0.74,0.72,0.97,18,23,https://fonts.google.com/specimen/Roboto+Slab,2011,,,,,"66,093,288,374",62,,,,,5,,20.5,8,10,20,5,10,120.5,Narratively
122,Roc Grotesk,Roc Grotesk,Roc Grotesk,Sans,Grotesque,Blake,,Adobe,Nikola Kostić;Zoran Kostić;Kostic Type Foundry,400;100;200;300;500;600;700;800;900,23.71,31.58,1.33,1.52,1.35,1.5,0.942686567164179,0.76,0.66,1.06,19,25,https://fonts.adobe.com/fonts/roc-grotesk,2012,qlm6yyj,,,16,,,,,86,,5,,91,9,6,,,4,145,
124,Rubik,Rubik,Rubik,Sans,Geometric,DIN,,Google,Hubert and Fischer;Meir Sadan;Cyreal;Daniel Grumer;Omaima Dajani,300..900;300..900i,24.96,33.6,1.35,1.43,1.35,1.45,1.00298507462687,0.74,0.70,1.00,18,24,https://fonts.google.com/specimen/Rubik,2015,,,36,,"77,026,536,425",65,,65,,15,5,,101.25,6,6,,15,10,137.25,Fandom;Tide;Electro Harmonix
125,Rustica,Rustica,Rustica,Sans,Humanist,Johnston,,Adobe,TipoType,100;100i;200;200i;300;300i;400;400i;500;500i;600;600i;700;700i;800;800i;900;900i,24.24,33.84,1.4,1.42,1.4,1.4,1.01014925373134,0.72,0.70,1.00,18,24,https://fonts.adobe.com/fonts/rustica,2021,ofu8umn,,,,,,,,,,5,10,15,10,10,5,5,9,120,Brighton Museums
126,Schoolbook,Schoolbook,Schoolbook,Serif,Modern,Century,,Adobe,Elena Tzaregorodtseva;Manvel Shmavonyan;Paratype,400;400i;700;700i;,21.89,32.64,1.49,1.47,1.5,1.45,0.974328358208955,0.68,0.68,1.03,19,25,https://fonts.adobe.com/fonts/schoolbook,1949,wlu1kif,,,,,,,,,,5,5,10,10,8,,,2,90,
127,Sofia Pro,Sofia Pro,Sofia,Sans,Geometric,Neuzeit,,Adobe,Olivier Gourvat;Mostardesign,100;100i;200;200i;300;300i;400;400i;500;500i;600;600i;700;700i;900;900i,22.42,33.07,1.48,1.45,1.5,1.45,0.987164179104478,0.68,0.68,1.03,19,25,https://fonts.adobe.com/fonts/sofia,2008,rnn3pdy,,,14,,,,,88,,5,,93,10,8,,15,8,173,Mast;Hims;Hers
128,Soleil,Soleil,Soleil,Sans,Geometric,Proxima,,Adobe,Wolfgang Homola;TypeTogether,300;300i;400;400i;500;500i;600;600i;700;700i;800;800i,24,33.6,1.4,1.43,1.4,1.45,1.00298507462687,0.72,0.70,1.00,18,24,https://fonts.adobe.com/fonts/soleil,2011,dve1mkc,,,26,,,,,76,,5,,81,9,8,,,6,153,
129,Source Code Pro,Source Code Pro,Source Code,Mono,HumanistMono,Mono,Source,Google,Santiago Orozco,200..900;200..900i,23.33,31.5,1.35,1.52,1.35,1.5,0.940298507462687,0.74,0.66,1.06,19,25,https://fonts.google.com/specimen/Source+Code+Pro,2012,,,,,"15,500,573,032",44,,,,,5,,16,8,2,,5,10,32,Make Noise
130,Source Sans 3,Source Sans 3,Source Sans,Sans,Humanist,Frutiger,Source,Google,Paul D. Hunt,200..900;200..900i,23.33,31.5,1.35,1.52,1.35,1.5,0.940298507462687,0.74,0.66,1.06,19,25,https://fonts.google.com/specimen/Source+Sans+3,2012,,,9,,"15,953,974,794",46,,92,,15,5,,123.5,10,10,,15,10,223.5,Unbounce;Royal College of Art;Saatva
131,Source Serif 4,Source Serif 4,Source Serif,Serif,Transitional,Bookman,Source,Google,Frank Grießhammer,200..900;200..900i,23.62,32.16,1.36,1.49,1.35,1.5,0.96,0.74,0.68,1.03,19,25,https://fonts.google.com/specimen/Source+Serif+4,2012,,,10,,"4,868,517,904",28,,91,,15,5,,118,6,6,,15,10,154,Greenpeace (EU);Room To Read;Saatva;Evidation;Epicurious;Medium;
132,Spectral,Spectral,Spectral,Serif,Old Style,Garamond,,Google,Production Type,200;200i;300;300i;400;400i;500;500i;600;600i;700;700i;800;800i,21.6,31.68,1.47,1.52,1.45,1.5,0.945671641791045,0.68,0.66,1.06,19,25,https://fonts.google.com/specimen/Spectral,2017,,,26,,"3,500,459,410",25,,75,,,5,,86.25,6,6,,15,,122.25,
133,Tablet Gothic,Tablet Gothic,Tablet Gothic,Sans,Grotesque,Franklin,,Adobe,José Scaglione;Veronika Burian,200;200i;300;300i;400;400i;600;600i;700;700i;800;800i;900;900i,24.58,35.23,1.43,1.36,1.45,1.35,1.05164179104478,0.70,0.74,0.95,17,23,https://fonts.adobe.com/fonts/tablet-gothic,2012,vap4yal,,,32,,,,,70,,5,,75,9,10,,,,165,
134,Trade Gothic Next,Trade Gothic Next,Trade Gothic,Sans,Grotesque,Franklin,,Adobe,Jackson Burke;Akira Kobayashi;Tom Grace,300;300i;400;400i;700;700i;800;800i,24.86,34.46,1.39,1.39,1.4,1.4,1.02865671641791,0.72,0.72,0.97,18,23,https://fonts.adobe.com/fonts/trade-gothic-next,1948,opm5muz,58,,,,,43,,,15,15,,73,10,8,10,15,4,163,Amnesty;Booth School of Business;Gibson
135,Utopia Std,Utopia Std,Utopia,Serif,Transitional,Times,,Adobe,Robert Slimbach;Adobe Originals,400;400i;600;600i;700;700i,22.13,31.34,1.42,1.53,1.4,1.55,0.935522388059701,0.70,0.66,1.06,19,25,https://fonts.adobe.com/fonts/utopia,1989,omu3uvv,,,,,,,,,,5,15,20,10,8,10,5,3,110,Warby Parker
136,Vollkorn,Vollkorn,Vollkorn,Serif,Old Style,Garamond,,Google,Friedrich Althausen,400;400i;500;500i;700;700i;800;800i;900;900i,22.08,32.59,1.48,1.47,1.5,1.45,0.972835820895522,0.68,0.68,1.03,19,25,https://fonts.google.com/specimen/Vollkorn,2005,,,,,"4,366,251,227",27,,,,,5,-10,1.75,4,4,,,,17.75,
137,Work Sans,Work Sans,Work Sans,Sans,Grotesque,Blake,,Google,Wei Huang,100..900;100..900i,24,31.68,1.32,1.52,1.3,1.5,0.945671641791045,0.76,0.66,1.06,19,25,https://fonts.google.com/specimen/Work+Sans,2015,,,5,,"46,566,012,924",60,,96,,15,15,,141,9,10,,15,10,231,The Body Shop;Pure Electric;Conde Nast Traveller
138,Zilla Slab,Zilla Slab,Zilla Slab,Serif,Slab,Slab,,Google,Typotheque,300;300i;400;400i;500;500i;600;600i;700;700i,21.36,31.2,1.46,1.54,1.45,1.55,0.93134328358209,0.68,0.66,1.06,19,25,https://fonts.google.com/specimen/Zilla+Slab,2017,,,,,"7,928,340,012",32,,,15,,5,,28,8,7,,5,5,84,Mozilla
139,Matrix II,Matrix II,Matrix,Serif,Modern,Bodoni,,Adobe,Zuzana Licko,300;300i;400;400i;700;700i;800,24.38,33.98,1.39,1.41,1.4,1.4,1.01432835820896,0.72,0.70,1.00,18,24,https://fonts.adobe.com/fonts/matrix-ii,1986,frz6mkw,21,,,,,80,,,,5,,85,,,,,,85,
140,Joanna Nova,Joanna Nova,Joanna,Serif,Transitional,Times,,Adobe,Eric Gill,100;100i;200;200i;300;300i;400;400i;500;500i;600;600i;700;700i;800;800i;900;900i,22.03,31.92,1.45,1.5,1.45,1.5,0.952835820895522,0.70,0.66,1.06,19,25,https://fonts.adobe.com/fonts/joanna-nova,1930,fnq2vqr,36,,,,,65,,,,5,,70,,,,,,70,
141,Antique Olive,Antique Olive,Antique Olive,Sans,Humanist,Johnston,,Adobe,Roger Excoffon,300;400;400i;500;700,25.68,32.02,1.25,1.5,1.25,1.5,0.955820895522388,0.80,0.66,1.06,19,25,https://fonts.adobe.com/fonts/antique-olive,1962,jhd6tfs,51,,17,,,50,,85,,15,-50,100,,,,,,100,
142,Proforma,Proforma,Proforma,Serif,Old Style,Garamond,,Adobe,Petr van Blokland,200;200i;300;300i;400;400i;500;500i;600;600i;700;700i;,21.46,31.39,1.46,1.53,1.45,1.55,0.937014925373134,0.68,0.66,1.06,19,25,https://fonts.adobe.com/fonts/proforma,1988,jmx3ggo,55,,,,,46,,,,5,,51,,,,,,51,
143,News Gothic Std,News Gothic Std,News Gothic,Sans,Grotesque,Franklin,,Adobe,Morris Fuller Benton,400;400i;700;700i,24.38,33.82,1.39,1.42,1.4,1.4,1.00955223880597,0.72,0.70,1.00,18,24,https://fonts.adobe.com/fonts/news-gothic,1908,gql1gbi,64,,,,,37,,,,15,,52,,,,,,52,
144,Nobel,Nobel,Nobel,Sans,Geometric,Kabel,,Adobe,Sjoerd de Roos;Dick Dooijes;Tobias Frere-Jones,100;100i;200;200i;300;300i;400;400i;700;700i;800;800i,19.97,35.04,1.75,1.37,1.75,1.35,1.04597014925373,0.56,0.74,0.95,17,23,https://fonts.adobe.com/fonts/nobel,1929,jot3vbd,71,,,,,30,,,,5,,35,,,,,,35,
145,Mrs Eaves,Mrs Eaves,Mrs Eaves,Serif,Transitional,Baskerville,,Adobe,Zuzana Licko,400;400i;700;700i,15.98,28.8,1.8,1.67,1.8,1.65,0.859701492537313,0.56,0.60,1.17,21,28,https://fonts.adobe.com/fonts/mrs-eaves,1996,oes5gec,82,,14,,,19,,88,,5,,112,,,,,,112,
146,Clarendon Text Pro,Clarendon Text Pro,Clarendon,Serif,Slab,Clarendon,,Adobe,Benjamin Fox;Patrick Griffin,400;400i;700;700i,24.72,33.26,1.35,1.44,1.35,1.45,0.992835820895522,0.74,0.70,1.00,18,24,https://fonts.adobe.com/fonts/clarendon-urw,1845,uuo2kas,87,,,,,14,,,,15,,29,,,,,,29,
147,Rockwell Nova,Rockwell Nova,Rockwell,Serif,Slab,Rockwell,,Adobe,Frank H. Pierpont,200;200i;400;400i;700;700i;800;800i,24.63,35.32,1.43,1.36,1.45,1.35,1.05432835820896,0.70,0.74,0.95,17,23,https://fonts.adobe.com/fonts/rockwell-nova,1934,rgv1zwp,16,,,,,85,,,,5,,90,,,,,,90,
148,ITC American Typewriter,ITC American Typewriter,American Typewriter,Mono,SerifMono,Mono,,Adobe,Joel Kaden; Tony Stan;Hector Haralambous,300;300i;500;500i;700;700i,24.43,32.93,1.35,1.46,1.35,1.45,0.982985074626866,0.74,0.68,1.03,19,25,https://fonts.adobe.com/fonts/itc-american-typewriter,1974,eht3xvw,,,20,,,,,82,,15,,97,,,,,,97,
149,Bookmania,Bookmania,Bookmania,Serif,Transitional,Bookman,,Adobe,Mark Simonson,300;300i;400;400i;600;600i;700;700i;900;900i,21.65,33.6,1.55,1.43,1.55,1.45,1.00298507462687,0.64,0.70,1.00,18,24,https://fonts.adobe.com/fonts/bookmania,1896,otz3qux,,,,,,,,,,15,,15,,,,,,15,
150,Monotype Grotesque,Monotype Grotesque,Monotype Grotesque,Sans,Grotesque,Blake,,Adobe,Frank Hinman Pierpont,300;300i;400;400i;700;900,23.71,34.61,1.46,1.39,1.45,1.4,1.03313432835821,0.68,0.72,0.97,18,23,https://fonts.adobe.com/fonts/monotype-grotesque,1926,aka1rsb,,,,,,,,,,15,,15,,,,,,15,
151,Classico URW,Classico URW (Optima),Classico,Sans,Humanist,Optima,,Adobe,Hermann Zapf,400;400i;500;500i;700;700i;900,22.22,32.21,1.45,1.49,1.45,1.5,0.961492537313433,0.68,0.68,1.03,19,25,https://fonts.adobe.com/fonts/classico-urw,1954,nvf6xhe,11,,,,,90,,,,15,,105,,,,,,105,
152,Nimbus Sans,Nimbus Sans,Nimbus Sans,Sans,Grotesque,NeoGrotesque,,Adobe,Eduard Hoffmann;Max Miedinger,300;300i;400;400i;700;700i;900;900i,23.18,32.02,1.38,1.5,1.4,1.5,0.955820895522388,0.72,0.66,1.06,19,25,https://fonts.adobe.com/fonts/nimbus-sans,1996,ico6tyn,,,,,,,,,15,5,,20,,,,,,20,
153,Century Old Style Std,Century Old Style Std,Century Old Style,Serif,Modern,Century,,Adobe,Morris Fuller Benton,400;400i;700,23.47,35.14,1.5,1.37,1.5,1.35,1.0489552238806,0.66,0.74,0.95,17,23,https://fonts.adobe.com/fonts/century-old-style,1894,vhs4iod,,,,,,,,,,15,,15,,,,,,15,
154,Joanna Sans Nova,Joanna Sans Nova,Joanna Sans,Sans,Humanist,Johnston,,Adobe,Eric Gill;Terrance Weinzierl,100;100i;200;200i;300;300i;400;400i;500;500i;700;700i;800;800i;900;900i,22.85,33.22,1.45,1.44,1.45,1.45,0.991641791044776,0.68,0.70,1.00,18,24,https://fonts.adobe.com/fonts/joanna-sans-nova,2015,wvk8kxs,,,,,,,,,,5,5,10,,,,,,10,
155,Letter Gothic Std,Letter Gothic Std,Letter Gothic,Mono,GrotesqueMono,Mono,,Adobe,Roger Roberson,400;400i;700;700i,25.39,34.56,1.36,1.39,1.35,1.4,1.03164179104478,0.74,0.72,0.97,18,23,https://fonts.adobe.com/fonts/letter-gothic,1956,kny0hvt,27,,,,,74,,,,15,,89,,,,,,89,
156,Miller Text,Miller Text,Miller,Serif,Transitional,Scotch,,Adobe,Carter & Cone,400;400i;700;700i,22.18,32.78,1.48,1.46,1.5,1.45,0.978507462686567,0.68,0.68,1.03,19,25,https://fonts.adobe.com/fonts/miller-text,1997,wta1jko,84,,,,,17,,,,5,,22,,,,,,22,
157,Libertad,Libertad,Libertad,Sans,Humanist,Frutiger,,Adobe,Fernando Diaz;TipoType,100;100i;200;200i;300;300i;400;400i;500;500i;700;700i;800;800i,24,31.17,1.3,1.54,1.3,1.55,0.93044776119403,0.76,0.64,1.09,20,26,https://fonts.adobe.com/fonts/libertad,2014,btq2chk,,,,,,,,,,5,5,10,,,,,,10,
158,Mundial,Mundial,Mundial,Sans,Geometric,Proxima,,Adobe,TipoType,100;100i;200;200i;300;300i;400;400i;600;600i;700;700i;900;900i,22.5,31.83,1.41,1.51,1.4,1.5,0.950149253731343,0.70,0.66,1.06,19,25,https://fonts.adobe.com/fonts/mundial,2020,dnh2ifc,,,,,,,,,,5,5,10,,,,,,10,
159,Brother 1816,Brother 1816,Brother 1816,Sans,Grotesque,Blake,,Adobe,Fernando Díaz;Ignacio Corbo;TipoType,100;100i;200;200i;300;300i;400;400i;500;500i;700;700i;800;800i;900;900i,24,34.56,1.44,1.39,1.45,1.4,1.03164179104478,0.70,0.72,0.97,18,23,https://fonts.adobe.com/fonts/brother-1816,2016,fff6dus,,,,,,,,,,5,5,10,,,,,,10,
160,Richmond Text,Richmond Text,Richmond,Serif,Transitional,Times,,Adobe,Carter & Cone,400;400i;500;500i;600;600i;700;700i;900;900i,24.67,33.89,1.37,1.42,1.35,1.4,1.01164179104478,0.72,0.70,1.00,18,24,https://fonts.adobe.com/fonts/richmond-text,2024,eep8tnp,,,,,,,,,,0,15,15,,,,,,15,